team,week,attempts,extra_points
Pittsburgh Steelers,16,2,2
Pittsburgh Steelers,18,2,2
Pittsburgh Steelers,3,2,2
Pittsburgh Steelers,5,2,2
Pittsburgh Steelers,6,2,2
Pittsburgh Steelers,8,2,2
Dallas Cowboys,14,2,2
Dallas Cowboys,16,2,2
Dallas Cowboys,4,2,2
Dallas Cowboys,5,2,2
Los Angeles Chargers,14,2,2
Los Angeles Chargers,15,2,2
Los Angeles Chargers,18,2,2
Los Angeles Chargers,16,2,2
Los Angeles Chargers,6,2,2
Los Angeles Chargers,12,2,2
Miami Dolphins,16,2,2
Miami Dolphins,17,2,2
Miami Dolphins,18,2,2
Miami Dolphins,1,2,2
Miami Dolphins,10,2,2
Houston Texans,13,2,2
Houston Texans,15,2,2
Houston Texans,1,2,2
Houston Texans,5,2,2
Houston Texans,8,2,2
Houston Texans,10,2,2
Las Vegas Raiders,13,2,2
Las Vegas Raiders,18,2,2
Las Vegas Raiders,2,2,2
Las Vegas Raiders,3,2,2
Las Vegas Raiders,4,2,2
Las Vegas Raiders,8,2,2
Indianapolis Colts,13,2,2
Indianapolis Colts,18,2,2
Indianapolis Colts,6,2,2
Indianapolis Colts,8,2,2
Indianapolis Colts,10,2,2
Denver Broncos,3,2,2
Denver Broncos,10,2,2
Denver Broncos,12,2,2
Tampa Bay Buccaneers,13,2,2
Tampa Bay Buccaneers,2,2,2
Tampa Bay Buccaneers,7,2,2
Tampa Bay Buccaneers,10,2,2
Los Angeles Rams,1,2,2
Los Angeles Rams,9,2,2
Los Angeles Rams,12,2,2
Philadelphia Eagles,14,2,2
Philadelphia Eagles,18,2,2
Philadelphia Eagles,4,2,2
Philadelphia Eagles,6,2,2
Arizona Cardinals,7,2,2
Arizona Cardinals,8,2,2
New Orleans Saints,14,2,2
New Orleans Saints,10,2,2
Jacksonville Jaguars,16,2,2
Jacksonville Jaguars,17,2,2
Jacksonville Jaguars,18,2,2
Jacksonville Jaguars,1,2,2
Jacksonville Jaguars,4,2,2
Washington Commanders,6,2,2
Detroit Lions,13,2,2
Detroit Lions,1,2,2
Detroit Lions,10,2,2
Seattle Seahawks,1,2,2
Seattle Seahawks,2,2,2
Seattle Seahawks,5,2,2
Seattle Seahawks,11,2,2
New England Patriots,15,2,2
New England Patriots,18,2,2
New England Patriots,2,2,2
New England Patriots,8,2,2
New England Patriots,9,2,2
Atlanta Falcons,3,2,2
Atlanta Falcons,4,2,2
Atlanta Falcons,7,2,2
Atlanta Falcons,10,2,2
Buffalo Bills,5,2,2
San Francisco 49ers,16,2,2
San Francisco 49ers,1,2,2
San Francisco 49ers,2,2,2
San Francisco 49ers,5,2,2
San Francisco 49ers,10,2,2
San Francisco 49ers,11,2,2
Minnesota Vikings,2,2,2
Minnesota Vikings,5,2,2
Minnesota Vikings,7,2,2
Minnesota Vikings,8,2,2
Carolina Panthers,13,2,2
Carolina Panthers,15,2,2
Carolina Panthers,17,2,2
Carolina Panthers,6,2,2
Carolina Panthers,8,2,2
Carolina Panthers,9,2,2
Carolina Panthers,10,2,2
Baltimore Ravens,1,2,2
Baltimore Ravens,2,2,2
Kansas City Chiefs,2,2,2
Kansas City Chiefs,4,2,2
Kansas City Chiefs,5,2,2
Tennessee Titans,1,2,2
Tennessee Titans,2,2,2
Tennessee Titans,3,2,2
Tennessee Titans,4,2,2
Tennessee Titans,6,2,2
Tennessee Titans,8,2,2
Tennessee Titans,9,2,2
Tennessee Titans,10,2,2
Chicago Bears,13,2,2
Chicago Bears,16,2,2
Green Bay Packers,17,2,2
Green Bay Packers,11,2,2
Cleveland Browns,14,2,2
Cleveland Browns,1,2,2
Cleveland Browns,8,2,2
New York Jets,15,2,2
New York Jets,5,2,2
Cincinnati Bengals,6,2,2
Cincinnati Bengals,8,2,2
New York Jets,14,2,2
Tennessee Titans,16,2,2
Tennessee Titans,1,2,2
Minnesota Vikings,13,2,2
New York Giants,13,2,2
New York Giants,15,2,2
New York Giants,10,2,2
Cincinnati Bengals,1,2,2
New York Jets,5,2,2
New York Jets,6,2,2
Arizona Cardinals,1,2,2
Arizona Cardinals,4,2,2
Washington Commanders,18,2,2
Houston Texans,16,2,1
Las Vegas Raiders,17,2,1
Los Angeles Rams,16,2,1
Los Angeles Rams,5,2,1
New Orleans Saints,5,2,1
Washington Commanders,12,2,0
Seattle Seahawks,12,2,1
New England Patriots,11,2,1
Buffalo Bills,18,2,1
Buffalo Bills,9,2,1
Carolina Panthers,14,2,1
Baltimore Ravens,13,2,1
Kansas City Chiefs,3,2,1
Cleveland Browns,4,2,1
Cincinnati Bengals,2,2,1
New York Jets,13,2,1
New York Jets,8,2,1
Miami Dolphins,14,1,0
Miami Dolphins,15,1,0
Las Vegas Raiders,15,1,0
Arizona Cardinals,17,1,0
Cleveland Browns,7,1,0
Cleveland Browns,16,1,0
New York Jets,16,1,0
New York Jets,7,1,0
Pittsburgh Steelers,15,1,1
Pittsburgh Steelers,17,1,1
Pittsburgh Steelers,2,1,1
Pittsburgh Steelers,12,1,1
Dallas Cowboys,17,1,1
Dallas Cowboys,18,1,1
Dallas Cowboys,2,1,1
Dallas Cowboys,3,1,1
Dallas Cowboys,9,1,1
Dallas Cowboys,11,1,1
Los Angeles Chargers,1,1,1
Los Angeles Chargers,3,1,1
Los Angeles Chargers,4,1,1
Miami Dolphins,2,1,1
Miami Dolphins,7,1,1
Houston Texans,2,1,1
Houston Texans,3,1,1
Houston Texans,7,1,1
Houston Texans,9,1,1
Las Vegas Raiders,14,1,1
Las Vegas Raiders,16,1,1
Las Vegas Raiders,1,1,1
Las Vegas Raiders,5,1,1
Las Vegas Raiders,6,1,1
Las Vegas Raiders,11,1,1
Las Vegas Raiders,12,1,1
Indianapolis Colts,15,1,1
Indianapolis Colts,2,1,1
Indianapolis Colts,7,1,1
Indianapolis Colts,9,1,1
Indianapolis Colts,11,1,1
Denver Broncos,1,1,1
Denver Broncos,4,1,1
Denver Broncos,6,1,1
Denver Broncos,9,1,1
Tampa Bay Buccaneers,3,1,1
Los Angeles Rams,17,1,1
Los Angeles Rams,18,1,1
Los Angeles Rams,2,1,1
Philadelphia Eagles,2,1,1
Philadelphia Eagles,3,1,1
Philadelphia Eagles,9,1,1
Arizona Cardinals,13,1,1
Arizona Cardinals,14,1,1
Arizona Cardinals,5,1,1
Arizona Cardinals,6,1,1
New Orleans Saints,15,1,1
New Orleans Saints,17,1,1
New Orleans Saints,18,1,1
New Orleans Saints,7,1,1
New Orleans Saints,9,1,1
Jacksonville Jaguars,14,1,1
Jacksonville Jaguars,15,1,1
Jacksonville Jaguars,2,1,1
Jacksonville Jaguars,3,1,1
Jacksonville Jaguars,6,1,1
Jacksonville Jaguars,9,1,1
Jacksonville Jaguars,10,1,1
Detroit Lions,2,1,1
Seattle Seahawks,15,1,1
Seattle Seahawks,8,1,1
New England Patriots,13,1,1
New England Patriots,17,1,1
New England Patriots,1,1,1
New England Patriots,4,1,1
New England Patriots,5,1,1
New England Patriots,7,1,1
New England Patriots,10,1,1
New England Patriots,12,1,1
Atlanta Falcons,13,1,1
Atlanta Falcons,14,1,1
Atlanta Falcons,15,1,1
Atlanta Falcons,1,1,1
Atlanta Falcons,2,1,1
Buffalo Bills,4,1,1
San Francisco 49ers,13,1,1
San Francisco 49ers,12,1,1
Carolina Panthers,1,1,1
Carolina Panthers,5,1,1
Carolina Panthers,7,1,1
Carolina Panthers,12,1,1
Baltimore Ravens,11,1,1
Kansas City Chiefs,10,1,1
Tennessee Titans,13,1,1
Tennessee Titans,7,1,1
Tennessee Titans,11,1,1
Chicago Bears,14,1,1
Chicago Bears,1,1,1
Chicago Bears,2,1,1
Chicago Bears,3,1,1
Chicago Bears,8,1,1
Chicago Bears,11,1,1
Chicago Bears,12,1,1
Green Bay Packers,18,1,1
Cleveland Browns,18,1,1
Cleveland Browns,2,1,1
Cleveland Browns,3,1,1
Cleveland Browns,5,1,1
Cleveland Browns,6,1,1
Cleveland Browns,9,1,1
Cleveland Browns,12,1,1
New York Jets,6,1,1
Cincinnati Bengals,1,1,1
Tennessee Titans,13,1,1
Tennessee Titans,14,1,1
Tennessee Titans,17,1,1
Tennessee Titans,2,1,1
New York Giants,16,1,1
New York Giants,18,1,1
New York Giants,12,1,1
Cincinnati Bengals,18,1,1
New York Jets,1,1,1
New York Jets,7,1,1
Arizona Cardinals,3,1,1
Washington Commanders,11,1,1
Atlanta Falcons,15,1,1
New York Giants,9,1,1
Pittsburgh Steelers,14,3,3
Pittsburgh Steelers,4,3,3
Dallas Cowboys,13,3,3
Dallas Cowboys,15,3,3
Dallas Cowboys,1,3,3
Dallas Cowboys,8,3,3
Los Angeles Chargers,10,3,3
Miami Dolphins,8,3,3
Miami Dolphins,9,3,3
Houston Texans,4,3,3
Houston Texans,12,3,3
Las Vegas Raiders,9,3,3
Indianapolis Colts,17,3,3
Indianapolis Colts,3,3,3
Indianapolis Colts,4,3,3
Denver Broncos,17,3,3
Denver Broncos,16,3,3
Denver Broncos,7,3,3
Tampa Bay Buccaneers,16,3,3
Tampa Bay Buccaneers,18,3,3
Tampa Bay Buccaneers,5,3,3
Tampa Bay Buccaneers,8,3,3
Tampa Bay Buccaneers,9,3,3
Los Angeles Rams,13,3,3
Los Angeles Rams,3,3,3
Philadelphia Eagles,13,3,3
Philadelphia Eagles,15,3,3
Philadelphia Eagles,16,3,3
Arizona Cardinals,15,3,3
Arizona Cardinals,16,3,3
Arizona Cardinals,9,3,3
New Orleans Saints,4,3,3
New Orleans Saints,6,3,3
Jacksonville Jaguars,7,3,3
Jacksonville Jaguars,8,3,3
Washington Commanders,9,3,3
Detroit Lions,9,3,3
Detroit Lions,12,3,3
Seattle Seahawks,14,3,3
Seattle Seahawks,16,3,3
Seattle Seahawks,18,3,3
Seattle Seahawks,3,3,3
Seattle Seahawks,4,3,3
Seattle Seahawks,6,3,3
New England Patriots,16,3,3
New England Patriots,6,3,3
Atlanta Falcons,5,3,3
Atlanta Falcons,6,3,3
Atlanta Falcons,9,3,3
Buffalo Bills,16,3,3
Buffalo Bills,10,3,3
San Francisco 49ers,18,3,3
San Francisco 49ers,3,3,3
San Francisco 49ers,4,3,3
Minnesota Vikings,15,3,3
Minnesota Vikings,16,3,3
Minnesota Vikings,17,3,3
Minnesota Vikings,9,3,3
Carolina Panthers,3,3,3
Carolina Panthers,4,3,3
Baltimore Ravens,6,3,3
Baltimore Ravens,8,3,3
Baltimore Ravens,12,3,3
Kansas City Chiefs,15,3,3
Kansas City Chiefs,16,3,3
Kansas City Chiefs,1,3,3
Kansas City Chiefs,8,3,3
Kansas City Chiefs,9,3,3
Tennessee Titans,15,3,3
Tennessee Titans,12,3,3
Chicago Bears,18,3,3
Chicago Bears,4,3,3
Green Bay Packers,13,3,3
Green Bay Packers,15,3,3
Green Bay Packers,7,3,3
Green Bay Packers,8,3,3
Cleveland Browns,13,3,3
New York Jets,18,3,3
New York Jets,3,3,3
Cincinnati Bengals,3,3,3
Cincinnati Bengals,7,3,3
Cincinnati Bengals,11,3,3
Tennessee Titans,6,3,3
New York Jets,15,3,3
New York Jets,8,3,3
New York Jets,11,3,3
Tennessee Titans,3,3,3
Tennessee Titans,4,3,3
Tennessee Titans,5,3,3
Minnesota Vikings,12,3,3
Cincinnati Bengals,14,3,3
Cincinnati Bengals,17,3,3
Cincinnati Bengals,16,3,3
New York Jets,2,3,3
New York Jets,3,3,3
Washington Commanders,17,3,3
Washington Commanders,10,3,3
Kansas City Chiefs,1,3,3
Kansas City Chiefs,11,3,3
Kansas City Chiefs,12,3,3
Atlanta Falcons,17,3,3
Atlanta Falcons,9,3,3
Los Angeles Chargers,2,3,2
Los Angeles Chargers,8,3,2
Houston Texans,18,3,2
Los Angeles Rams,7,3,2
Philadelphia Eagles,11,3,2
Detroit Lions,3,3,2
Seattle Seahawks,13,3,2
Seattle Seahawks,9,3,2
Buffalo Bills,6,3,2
Kansas City Chiefs,17,3,2
Minnesota Vikings,11,3,2
Pittsburgh Steelers,13,5,5
Pittsburgh Steelers,1,0,0
Pittsburgh Steelers,7,4,4
Pittsburgh Steelers,10,4,4
Pittsburgh Steelers,11,0,0
Dallas Cowboys,6,0,0
Dallas Cowboys,10,0,0
Dallas Cowboys,12,4,4
Los Angeles Chargers,13,0,0
Los Angeles Chargers,17,4,4
Los Angeles Chargers,7,0,0
Los Angeles Chargers,9,4,3
Los Angeles Chargers,11,4,4
Miami Dolphins,13,0,0
Miami Dolphins,3,0,0
Miami Dolphins,4,0,0
Miami Dolphins,5,0,0
Miami Dolphins,11,4,4
Miami Dolphins,12,4,4
Houston Texans,17,,
Houston Texans,6,5,5
Houston Texans,11,4,4
Las Vegas Raiders,7,0,0
Indianapolis Colts,16,5,5
Indianapolis Colts,1,,
Indianapolis Colts,5,4,4
Indianapolis Colts,12,0,0
Denver Broncos,13,5,5
Denver Broncos,15,4,4
Denver Broncos,18,5,5
Denver Broncos,2,0,0
Denver Broncos,5,4,4
Denver Broncos,8,4,4
Denver Broncos,11,5,5
Tampa Bay Buccaneers,14,4,4
Tampa Bay Buccaneers,15,4,4
Tampa Bay Buccaneers,17,6,6
Tampa Bay Buccaneers,1,4,4
Tampa Bay Buccaneers,4,4,3
Tampa Bay Buccaneers,6,6,6
Tampa Bay Buccaneers,12,4,3
Los Angeles Rams,14,6,5
Los Angeles Rams,15,0,0
Los Angeles Rams,4,0,0
Los Angeles Rams,8,4,4
Los Angeles Rams,10,0,0
Los Angeles Rams,11,4,4
Philadelphia Eagles,17,5,5
Philadelphia Eagles,1,4,4
Philadelphia Eagles,7,4,4
Philadelphia Eagles,8,4,4
Philadelphia Eagles,10,4,4
Philadelphia Eagles,12,4,4
Arizona Cardinals,18,5,5
Arizona Cardinals,10,4,4
Arizona Cardinals,12,0,0
New Orleans Saints,13,0,0
New Orleans Saints,16,,
New Orleans Saints,1,5,5
New Orleans Saints,2,6,5
New Orleans Saints,3,0,0
New Orleans Saints,8,0,0
New Orleans Saints,11,5,5
Jacksonville Jaguars,13,0,0
Jacksonville Jaguars,5,4,4
Jacksonville Jaguars,11,0,0
Washington Commanders,2,0,0
Washington Commanders,3,5,5
Washington Commanders,4,4,4
Washington Commanders,5,4,4
Washington Commanders,7,4,4
Washington Commanders,8,0,0
Washington Commanders,10,,
Washington Commanders,11,,
Detroit Lions,14,4,4
Detroit Lions,15,6,6
Detroit Lions,16,4,4
Detroit Lions,17,4,2
Detroit Lions,18,4,4
Detroit Lions,4,6,6
Detroit Lions,6,5,5
Detroit Lions,7,4,4
Detroit Lions,8,7,7
Detroit Lions,11,7,7
Seattle Seahawks,17,0,0
Seattle Seahawks,7,4,4
New England Patriots,3,0,0
Atlanta Falcons,8,4,4
Atlanta Falcons,11,0,0
Buffalo Bills,13,5,5
Buffalo Bills,14,6,6
Buffalo Bills,15,6,6
Buffalo Bills,17,5,5
Buffalo Bills,1,4,4
Buffalo Bills,2,4,4
Buffalo Bills,3,6,5
Buffalo Bills,7,4,4
Buffalo Bills,8,4,4
Buffalo Bills,11,4,3
San Francisco 49ers,14,5,5
San Francisco 49ers,15,0,0
San Francisco 49ers,17,5,4
San Francisco 49ers,6,,
San Francisco 49ers,7,,
San Francisco 49ers,8,,
Minnesota Vikings,14,6,6
Minnesota Vikings,18,0,0
Minnesota Vikings,1,4,4
Minnesota Vikings,3,4,4
Minnesota Vikings,4,4,4
Carolina Panthers,16,4,3
Carolina Panthers,18,5,5
Carolina Panthers,2,0,0
Baltimore Ravens,15,5,5
Baltimore Ravens,16,4,4
Baltimore Ravens,17,4,4
Baltimore Ravens,18,5,5
Baltimore Ravens,3,4,4
Baltimore Ravens,4,5,5
Baltimore Ravens,5,5,5
Baltimore Ravens,7,5,5
Baltimore Ravens,9,5,5
Baltimore Ravens,10,4,3
Kansas City Chiefs,18,0,0
Kansas City Chiefs,7,4,4
Tennessee Titans,14,0,0
Tennessee Titans,16,,
Tennessee Titans,17,,
Tennessee Titans,18,,
Chicago Bears,15,0,0
Chicago Bears,17,0,0
Chicago Bears,5,4,3
Chicago Bears,6,5,5
Chicago Bears,9,0,0
Chicago Bears,10,0,0
Green Bay Packers,14,4,4
Green Bay Packers,16,4,4
Green Bay Packers,9,0,0
Green Bay Packers,12,5,5
Cleveland Browns,15,,
Cleveland Browns,17,0,0
Cleveland Browns,11,0,0
New York Jets,4,0,0
New York Jets,7,0,0
New York Jets,8,0,0
Cincinnati Bengals,13,5,5
Cincinnati Bengals,4,4,4
Cincinnati Bengals,5,4,4
Cincinnati Bengals,9,5,5
Cincinnati Bengals,10,4,4
Tennessee Titans,18,0,0
New York Jets,17,,
Tennessee Titans,6,4,4
Minnesota Vikings,10,0,0
New York Giants,14,0,0
New York Giants,17,6,6
New York Giants,1,0,0
New York Giants,2,,
Cincinnati Bengals,15,5,4
New York Jets,17,,
New York Jets,4,0,0
Arizona Cardinals,2,5,5
Arizona Cardinals,5,,
Arizona Cardinals,6,,
Washington Commanders,13,6,6
Washington Commanders,15,,
Washington Commanders,16,4,4
Kansas City Chiefs,13,,
Kansas City Chiefs,10,0,0
Atlanta Falcons,13,,
Atlanta Falcons,16,4,4
Atlanta Falcons,18,5,5
