team,week,opponent,home/away,win/loss,made_points,suffered_points,opponent_id
Cincinnati Bengals,2,Kansas City Chiefs,Away,Loss,25,26,KC
Cincinnati Bengals,10,Baltimore Ravens,Away,Loss,34,35,BAL
Cincinnati Bengals,11,Los Angeles Chargers,Away,Loss,27,34,LAC
Tampa Bay Buccaneers,16,Dallas Cowboys,Away,Loss,24,26,DAL
Tampa Bay Buccaneers,5,Atlanta Falcons,Away,Loss,30,36,ATL
Tampa Bay Buccaneers,9,Kansas City Chiefs,Away,Loss,24,30,KC
Seattle Seahawks,4,Detroit Lions,Away,Loss,29,42,DET
Minnesota Vikings,18,Detroit Lions,Away,Loss,9,31,DET
Minnesota Vikings,8,Los Angeles Rams,Away,Loss,20,30,LAR
Baltimore Ravens,1,Kansas City Chiefs,Away,Loss,20,27,KC
Baltimore Ravens,8,Cleveland Browns,Away,Loss,24,29,CLE
Baltimore Ravens,11,Pittsburgh Steelers,Away,Loss,16,18,PIT
Kansas City Chiefs,18,Denver Broncos,Away,Loss,0,38,DEN
Kansas City Chiefs,11,Buffalo Bills,Away,Loss,21,30,BUF
New York Jets,14,Miami Dolphins,Away,Loss,26,32,MIA
New York Jets,17,Buffalo Bills,Away,Loss,14,40,BUF
New York Jets,1,San Francisco 49ers,Away,Loss,19,32,SF
New York Jets,5,Minnesota Vikings,Away,Loss,17,23,MIN
New York Jets,7,Pittsburgh Steelers,Away,Loss,15,37,PIT
New York Jets,8,New England Patriots,Away,Loss,22,25,NE
New York Jets,10,Arizona Cardinals,Away,Loss,6,31,ARI
Los Angeles Chargers,14,Kansas City Chiefs,Away,Loss,17,19,KC
Los Angeles Chargers,3,Pittsburgh Steelers,Away,Loss,10,20,PIT
Los Angeles Chargers,7,Arizona Cardinals,Away,Loss,15,17,ARI
San Francisco 49ers,13,Buffalo Bills,Away,Loss,10,35,BUF
San Francisco 49ers,16,Miami Dolphins,Away,Loss,17,29,MIA
San Francisco 49ers,18,Arizona Cardinals,Away,Loss,24,47,ARI
San Francisco 49ers,2,Minnesota Vikings,Away,Loss,17,23,MIN
San Francisco 49ers,3,Los Angeles Rams,Away,Loss,24,27,LAR
San Francisco 49ers,12,Green Bay Packers,Away,Loss,10,38,GB
Arizona Cardinals,13,Minnesota Vikings,Away,Loss,22,23,MIN
Arizona Cardinals,16,Carolina Panthers,Away,Loss,30,36,CAR
Arizona Cardinals,17,Los Angeles Rams,Away,Loss,9,13,LAR
Arizona Cardinals,1,Buffalo Bills,Away,Loss,28,34,BUF
Arizona Cardinals,6,Green Bay Packers,Away,Loss,13,34,GB
Arizona Cardinals,12,Seattle Seahawks,Away,Loss,6,16,SEA
Denver Broncos,17,Cincinnati Bengals,Away,Loss,24,30,CIN
Denver Broncos,16,Los Angeles Chargers,Away,Loss,27,34,LAC
Denver Broncos,1,Seattle Seahawks,Away,Loss,20,26,SEA
Denver Broncos,9,Baltimore Ravens,Away,Loss,10,41,BAL
Denver Broncos,10,Kansas City Chiefs,Away,Loss,14,16,KC
Los Angeles Rams,1,Detroit Lions,Away,Loss,20,26,DET
Los Angeles Rams,2,Arizona Cardinals,Away,Loss,10,41,ARI
Los Angeles Rams,4,Chicago Bears,Away,Loss,18,24,CHI
Buffalo Bills,14,Los Angeles Rams,Away,Loss,42,44,LAR
Buffalo Bills,18,New England Patriots,Away,Loss,16,23,NE
Buffalo Bills,4,Baltimore Ravens,Away,Loss,10,35,BAL
Buffalo Bills,5,Houston Texans,Away,Loss,20,23,HOU
Houston Texans,16,Kansas City Chiefs,Away,Loss,19,27,KC
Houston Texans,3,Minnesota Vikings,Away,Loss,7,34,MIN
Houston Texans,7,Green Bay Packers,Away,Loss,22,24,GB
Houston Texans,9,New York Jets,Away,Loss,13,21,NYJ
Washington Commanders,1,Tampa Bay Buccaneers,Away,Loss,20,37,TB
Washington Commanders,6,Baltimore Ravens,Away,Loss,23,30,BAL
Washington Commanders,11,Philadelphia Eagles,Away,Loss,18,26,PHI
Chicago Bears,13,Detroit Lions,Away,Loss,20,23,DET
Chicago Bears,14,San Francisco 49ers,Away,Loss,13,38,SF
Chicago Bears,15,Minnesota Vikings,Away,Loss,12,30,MIN
Chicago Bears,2,Houston Texans,Away,Loss,13,19,HOU
Chicago Bears,3,Indianapolis Colts,Away,Loss,16,21,IND
Chicago Bears,8,Washington Commanders,Away,Loss,15,18,WAS
Chicago Bears,9,Arizona Cardinals,Away,Loss,9,29,ARI
Atlanta Falcons,14,Minnesota Vikings,Away,Loss,21,42,MIN
Atlanta Falcons,17,Washington Commanders,Away,Loss,24,30,WAS
Atlanta Falcons,10,New Orleans Saints,Away,Loss,17,20,NO
Atlanta Falcons,11,Denver Broncos,Away,Loss,6,38,DEN
Green Bay Packers,14,Detroit Lions,Away,Loss,31,34,DET
Green Bay Packers,17,Minnesota Vikings,Away,Loss,25,27,MIN
Green Bay Packers,1,Philadelphia Eagles,Away,Loss,29,34,PHI
Philadelphia Eagles,16,Washington Commanders,Away,Loss,33,36,WAS
Philadelphia Eagles,4,Tampa Bay Buccaneers,Away,Loss,16,33,TB
Miami Dolphins,13,Green Bay Packers,Away,Loss,17,30,GB
Miami Dolphins,15,Houston Texans,Away,Loss,12,20,HOU
Miami Dolphins,18,New York Jets,Away,Loss,20,32,NYJ
Miami Dolphins,9,Buffalo Bills,Away,Loss,27,30,BUF
Pittsburgh Steelers,15,Philadelphia Eagles,Away,Loss,13,27,PHI
Pittsburgh Steelers,16,Baltimore Ravens,Away,Loss,17,34,BAL
Pittsburgh Steelers,4,Indianapolis Colts,Away,Loss,24,27,IND
Pittsburgh Steelers,12,Cleveland Browns,Away,Loss,19,24,CLE
Carolina Panthers,14,Philadelphia Eagles,Away,Loss,16,22,PHI
Carolina Panthers,17,Tampa Bay Buccaneers,Away,Loss,14,48,TB
Carolina Panthers,1,New Orleans Saints,Away,Loss,10,47,NO
Carolina Panthers,5,Chicago Bears,Away,Loss,10,36,CHI
Carolina Panthers,7,Washington Commanders,Away,Loss,7,40,WAS
Carolina Panthers,8,Denver Broncos,Away,Loss,14,28,DEN
New England Patriots,15,Arizona Cardinals,Away,Loss,17,30,ARI
New England Patriots,16,Buffalo Bills,Away,Loss,21,24,BUF
New England Patriots,3,New York Jets,Away,Loss,3,24,NYJ
New England Patriots,4,San Francisco 49ers,Away,Loss,13,30,SF
New England Patriots,7,Jacksonville Jaguars,Away,Loss,16,32,JAX
New England Patriots,9,Tennessee Titans,Away,Loss,17,20,TEN
New England Patriots,12,Miami Dolphins,Away,Loss,15,34,MIA
New Orleans Saints,16,Green Bay Packers,Away,Loss,0,34,GB
New Orleans Saints,18,Tampa Bay Buccaneers,Away,Loss,19,27,TB
New Orleans Saints,4,Atlanta Falcons,Away,Loss,24,26,ATL
New Orleans Saints,5,Kansas City Chiefs,Away,Loss,13,26,KC
New Orleans Saints,8,Los Angeles Chargers,Away,Loss,8,26,LAC
New Orleans Saints,9,Carolina Panthers,Away,Loss,22,23,CAR
Cleveland Browns,13,Denver Broncos,Away,Loss,32,41,DEN
Cleveland Browns,14,Pittsburgh Steelers,Away,Loss,14,27,PIT
Cleveland Browns,18,Baltimore Ravens,Away,Loss,10,35,BAL
Cleveland Browns,4,Las Vegas Raiders,Away,Loss,16,20,LV
Cleveland Browns,5,Washington Commanders,Away,Loss,13,34,WAS
Cleveland Browns,6,Philadelphia Eagles,Away,Loss,16,20,PHI
Cleveland Browns,11,New Orleans Saints,Away,Loss,14,35,NO
Cleveland Browns,16,Cincinnati Bengals,Away,Loss,6,24,CIN
Tennessee Titans,13,Washington Commanders,Away,Loss,19,42,WAS
Tennessee Titans,16,Indianapolis Colts,Away,Loss,30,38,IND
Tennessee Titans,17,Jacksonville Jaguars,Away,Loss,13,20,JAX
Tennessee Titans,1,Chicago Bears,Away,Loss,17,24,CHI
Tennessee Titans,7,Buffalo Bills,Away,Loss,10,34,BUF
Tennessee Titans,8,Detroit Lions,Away,Loss,14,52,DET
Tennessee Titans,10,Los Angeles Chargers,Away,Loss,17,27,LAC
New York Giants,2,Washington Commanders,Away,Loss,18,21,WAS
New York Giants,8,Pittsburgh Steelers,Away,Loss,18,26,PIT
New York Giants,10,Carolina Panthers,Away,Loss,17,20,CAR
Jacksonville Jaguars,1,Miami Dolphins,Away,Loss,17,20,MIA
Jacksonville Jaguars,3,Buffalo Bills,Away,Loss,10,47,BUF
Jacksonville Jaguars,4,Houston Texans,Away,Loss,20,24,HOU
Jacksonville Jaguars,6,Chicago Bears,Away,Loss,16,35,CHI
Jacksonville Jaguars,9,Philadelphia Eagles,Away,Loss,23,28,PHI
Jacksonville Jaguars,11,Detroit Lions,Away,Loss,6,52,DET
Las Vegas Raiders,1,Los Angeles Chargers,Away,Loss,10,22,LAC
Las Vegas Raiders,5,Denver Broncos,Away,Loss,18,34,DEN
Las Vegas Raiders,7,Los Angeles Rams,Away,Loss,15,20,LAR
Las Vegas Raiders,9,Cincinnati Bengals,Away,Loss,24,41,CIN
Las Vegas Raiders,11,Miami Dolphins,Away,Loss,19,34,MIA
Dallas Cowboys,8,San Francisco 49ers,Away,Loss,24,30,SF
Dallas Cowboys,9,Atlanta Falcons,Away,Loss,21,27,ATL
Dallas Cowboys,17,Philadelphia Eagles,Away,Loss,7,41,PHI
Indianapolis Colts,15,Denver Broncos,Away,Loss,13,31,DEN
Indianapolis Colts,17,New York Giants,Away,Loss,33,45,NYG
Indianapolis Colts,2,Green Bay Packers,Away,Loss,10,16,GB
Indianapolis Colts,5,Jacksonville Jaguars,Away,Loss,34,37,JAX
Indianapolis Colts,8,Houston Texans,Away,Loss,20,23,HOU
Indianapolis Colts,9,Minnesota Vikings,Away,Loss,13,21,MIN
Jacksonville Jaguars,16,Las Vegas Raiders,Away,Loss,14,19,LV
Jacksonville Jaguars,18,Indianapolis Colts,Away,Loss,23,26,IND
Las Vegas Raiders,13,Kansas City Chiefs,Away,Loss,17,19,KC
Las Vegas Raiders,14,Tampa Bay Buccaneers,Away,Loss,13,28,TB
New York Giants,13,Dallas Cowboys,Away,Loss,20,27,DAL
New York Giants,16,Atlanta Falcons,Away,Loss,7,34,ATL
New York Giants,18,Philadelphia Eagles,Away,Loss,13,20,PHI
Miami Dolphins,3,Seattle Seahawks,Away,Loss,3,24,SEA
Miami Dolphins,7,Indianapolis Colts,Away,Loss,10,16,IND
New York Giants,3,Seattle Seahawks,Away,Loss,3,24,SEA
New York Giants,7,Indianapolis Colts,Away,Loss,10,16,IND
Cincinnati Bengals,14,Dallas Cowboys,Away,Win,27,20,DAL
Cincinnati Bengals,15,Tennessee Titans,Away,Win,37,27,TEN
Cincinnati Bengals,18,Pittsburgh Steelers,Away,Win,19,17,PIT
Cincinnati Bengals,4,Carolina Panthers,Away,Win,34,24,CAR
Cincinnati Bengals,6,New York Giants,Away,Win,17,7,NYG
Cincinnati Bengals,7,Cleveland Browns,Away,Win,21,14,CLE
Detroit Lions,16,Chicago Bears,Away,Win,34,17,CHI
Detroit Lions,17,San Francisco 49ers,Away,Win,40,34,SF
Detroit Lions,3,Arizona Cardinals,Away,Win,20,13,ARI
Detroit Lions,6,Dallas Cowboys,Away,Win,47,9,DAL
Detroit Lions,7,Minnesota Vikings,Away,Win,31,29,MIN
Detroit Lions,9,Green Bay Packers,Away,Win,24,14,GB
Detroit Lions,10,Houston Texans,Away,Win,26,23,HOU
Detroit Lions,12,Indianapolis Colts,Away,Win,24,6,IND
Tampa Bay Buccaneers,13,Carolina Panthers,Away,Win,26,23,CAR
Tampa Bay Buccaneers,15,Los Angeles Chargers,Away,Win,40,17,LAC
Tampa Bay Buccaneers,2,Detroit Lions,Away,Win,20,16,DET
Tampa Bay Buccaneers,6,New Orleans Saints,Away,Win,51,27,NO
Tampa Bay Buccaneers,12,New York Giants,Away,Win,30,7,NYG
Seattle Seahawks,13,New York Jets,Away,Win,26,21,NYJ
Seattle Seahawks,14,Arizona Cardinals,Away,Win,30,18,ARI
Seattle Seahawks,17,Chicago Bears,Away,Win,6,3,CHI
Seattle Seahawks,18,Los Angeles Rams,Away,Win,30,25,LAR
Seattle Seahawks,2,New England Patriots,Away,Win,23,20,NE
Seattle Seahawks,7,Atlanta Falcons,Away,Win,34,14,ATL
Seattle Seahawks,11,San Francisco 49ers,Away,Win,20,17,SF
Minnesota Vikings,16,Seattle Seahawks,Away,Win,27,24,SEA
Minnesota Vikings,1,New York Giants,Away,Win,28,6,NYG
Minnesota Vikings,4,Green Bay Packers,Away,Win,31,29,GB
Minnesota Vikings,10,Jacksonville Jaguars,Away,Win,12,7,JAX
Minnesota Vikings,11,Tennessee Titans,Away,Win,23,13,TEN
Minnesota Vikings,12,Chicago Bears,Away,Win,30,27,CHI
Baltimore Ravens,15,New York Giants,Away,Win,35,14,NYG
Baltimore Ravens,17,Houston Texans,Away,Win,31,2,HOU
Baltimore Ravens,3,Dallas Cowboys,Away,Win,28,25,DAL
Baltimore Ravens,5,Cincinnati Bengals,Away,Win,41,38,CIN
Baltimore Ravens,7,Tampa Bay Buccaneers,Away,Win,41,31,TB
Baltimore Ravens,12,Los Angeles Chargers,Away,Win,30,23,LAC
Kansas City Chiefs,15,Cleveland Browns,Away,Win,21,7,CLE
Kansas City Chiefs,17,Pittsburgh Steelers,Away,Win,29,10,PIT
Kansas City Chiefs,3,Atlanta Falcons,Away,Win,22,17,ATL
Kansas City Chiefs,4,Los Angeles Chargers,Away,Win,17,10,LAC
Kansas City Chiefs,7,San Francisco 49ers,Away,Win,28,18,SF
Kansas City Chiefs,8,Las Vegas Raiders,Away,Win,27,20,LV
Kansas City Chiefs,12,Carolina Panthers,Away,Win,30,27,CAR
New York Jets,15,Jacksonville Jaguars,Away,Win,32,25,JAX
New York Jets,2,Tennessee Titans,Away,Win,24,17,TEN
Los Angeles Chargers,13,Atlanta Falcons,Away,Win,17,13,ATL
Los Angeles Chargers,17,New England Patriots,Away,Win,40,7,NE
Los Angeles Chargers,18,Las Vegas Raiders,Away,Win,34,20,LV
Los Angeles Chargers,2,Carolina Panthers,Away,Win,26,3,CAR
Los Angeles Chargers,6,Denver Broncos,Away,Win,23,16,DEN
Los Angeles Chargers,9,Cleveland Browns,Away,Win,27,10,CLE
San Francisco 49ers,6,Seattle Seahawks,Away,Win,36,24,SEA
San Francisco 49ers,10,Tampa Bay Buccaneers,Away,Win,23,20,TB
Arizona Cardinals,5,San Francisco 49ers,Away,Win,24,23,SF
Arizona Cardinals,8,Miami Dolphins,Away,Win,28,27,MIA
Denver Broncos,3,Tampa Bay Buccaneers,Away,Win,26,7,TB
Denver Broncos,4,New York Jets,Away,Win,10,9,NYJ
Denver Broncos,7,New Orleans Saints,Away,Win,33,10,NO
Denver Broncos,12,Las Vegas Raiders,Away,Win,29,19,LV
Los Angeles Rams,13,New Orleans Saints,Away,Win,21,14,NO
Los Angeles Rams,15,San Francisco 49ers,Away,Win,12,6,SF
Los Angeles Rams,16,New York Jets,Away,Win,19,9,NYJ
Los Angeles Rams,9,Seattle Seahawks,Away,Win,26,20,SEA
Los Angeles Rams,11,New England Patriots,Away,Win,28,22,NE
Buffalo Bills,15,Detroit Lions,Away,Win,48,42,DET
Buffalo Bills,2,Miami Dolphins,Away,Win,31,10,MIA
Buffalo Bills,6,New York Jets,Away,Win,23,20,NYJ
Buffalo Bills,8,Seattle Seahawks,Away,Win,31,10,SEA
Buffalo Bills,10,Indianapolis Colts,Away,Win,30,20,IND
Houston Texans,13,Jacksonville Jaguars,Away,Win,23,20,JAX
Houston Texans,18,Tennessee Titans,Away,Win,23,14,TEN
Houston Texans,1,Indianapolis Colts,Away,Win,29,27,IND
Houston Texans,6,New England Patriots,Away,Win,41,21,NE
Houston Texans,11,Dallas Cowboys,Away,Win,34,10,DAL
Washington Commanders,15,New Orleans Saints,Away,Win,20,19,NO
Washington Commanders,18,Dallas Cowboys,Away,Win,23,19,DAL
Washington Commanders,3,Cincinnati Bengals,Away,Win,38,33,CIN
Washington Commanders,4,Arizona Cardinals,Away,Win,42,14,ARI
Washington Commanders,9,New York Giants,Away,Win,27,22,NYG
Chicago Bears,18,Green Bay Packers,Away,Win,24,22,GB
Atlanta Falcons,15,Las Vegas Raiders,Away,Win,15,9,LV
Atlanta Falcons,2,Philadelphia Eagles,Away,Win,22,21,PHI
Atlanta Falcons,6,Carolina Panthers,Away,Win,38,20,CAR
Atlanta Falcons,8,Tampa Bay Buccaneers,Away,Win,31,26,TB
Green Bay Packers,15,Seattle Seahawks,Away,Win,30,13,SEA
Green Bay Packers,3,Tennessee Titans,Away,Win,30,14,TEN
Green Bay Packers,5,Los Angeles Rams,Away,Win,24,19,LAR
Green Bay Packers,8,Jacksonville Jaguars,Away,Win,30,27,JAX
Green Bay Packers,11,Chicago Bears,Away,Win,20,19,CHI
Philadelphia Eagles,13,Baltimore Ravens,Away,Win,24,19,BAL
Philadelphia Eagles,3,New Orleans Saints,Away,Win,15,12,NO
Philadelphia Eagles,7,New York Giants,Away,Win,28,3,NYG
Philadelphia Eagles,8,Cincinnati Bengals,Away,Win,37,17,CIN
Philadelphia Eagles,10,Dallas Cowboys,Away,Win,34,6,DAL
Philadelphia Eagles,12,Los Angeles Rams,Away,Win,37,20,LAR
Miami Dolphins,17,Cleveland Browns,Away,Win,20,3,CLE
Miami Dolphins,10,Los Angeles Rams,Away,Win,23,15,LAR
Pittsburgh Steelers,13,Cincinnati Bengals,Away,Win,44,38,CIN
Pittsburgh Steelers,1,Atlanta Falcons,Away,Win,18,10,ATL
Pittsburgh Steelers,2,Denver Broncos,Away,Win,13,6,DEN
Pittsburgh Steelers,6,Las Vegas Raiders,Away,Win,32,13,LV
Pittsburgh Steelers,10,Washington Commanders,Away,Win,28,27,WAS
Carolina Panthers,18,Atlanta Falcons,Away,Win,44,38,ATL
Carolina Panthers,3,Las Vegas Raiders,Away,Win,36,22,LV
New England Patriots,1,Cincinnati Bengals,Away,Win,16,10,CIN
New England Patriots,10,Chicago Bears,Away,Win,19,3,CHI
New Orleans Saints,14,New York Giants,Away,Win,14,11,NYG
New Orleans Saints,2,Dallas Cowboys,Away,Win,44,19,DAL
Cleveland Browns,2,Jacksonville Jaguars,Away,Win,18,13,JAX
Tennessee Titans,4,Miami Dolphins,Away,Win,31,12,MIA
Tennessee Titans,12,Houston Texans,Away,Win,32,27,HOU
New York Giants,3,Cleveland Browns,Away,Win,21,15,CLE
New York Giants,5,Seattle Seahawks,Away,Win,29,20,SEA
Las Vegas Raiders,2,Baltimore Ravens,Away,Win,26,23,BAL
Dallas Cowboys,1,Cleveland Browns,Away,Win,33,17,CLE
Dallas Cowboys,4,New York Giants,Away,Win,20,15,NYG
Dallas Cowboys,5,Pittsburgh Steelers,Away,Win,20,17,PIT
Dallas Cowboys,15,Carolina Panthers,Away,Win,30,14,CAR
Dallas Cowboys,12,Washington Commanders,Away,Win,34,26,WAS
Indianapolis Colts,13,New England Patriots,Away,Win,25,24,NE
Indianapolis Colts,6,Tennessee Titans,Away,Win,20,17,TEN
Indianapolis Colts,11,New York Jets,Away,Win,28,27,NYJ
Jacksonville Jaguars,14,Tennessee Titans,Away,Win,10,6,TEN
Las Vegas Raiders,17,New Orleans Saints,Away,Win,25,10,NO
Miami Dolphins,5,New England Patriots,Away,Win,15,10,NE
New York Giants,5,New England Patriots,Away,Win,15,10,NE
Cincinnati Bengals,13,Pittsburgh Steelers,Home,Loss,38,44,PIT
Cincinnati Bengals,1,New England Patriots,Home,Loss,10,16,NE
Cincinnati Bengals,3,Washington Commanders,Home,Loss,33,38,WAS
Cincinnati Bengals,5,Baltimore Ravens,Home,Loss,38,41,BAL
Cincinnati Bengals,8,Philadelphia Eagles,Home,Loss,17,37,PHI
Detroit Lions,15,Buffalo Bills,Home,Loss,42,48,BUF
Detroit Lions,2,Tampa Bay Buccaneers,Home,Loss,16,20,TB
Tampa Bay Buccaneers,3,Denver Broncos,Home,Loss,7,26,DEN
Tampa Bay Buccaneers,7,Baltimore Ravens,Home,Loss,31,41,BAL
Tampa Bay Buccaneers,8,Atlanta Falcons,Home,Loss,26,31,ATL
Tampa Bay Buccaneers,10,San Francisco 49ers,Home,Loss,20,23,SF
Seattle Seahawks,15,Green Bay Packers,Home,Loss,13,30,GB
Seattle Seahawks,16,Minnesota Vikings,Home,Loss,24,27,MIN
Seattle Seahawks,5,New York Giants,Home,Loss,20,29,NYG
Seattle Seahawks,6,San Francisco 49ers,Home,Loss,24,36,SF
Seattle Seahawks,8,Buffalo Bills,Home,Loss,10,31,BUF
Seattle Seahawks,9,Los Angeles Rams,Home,Loss,20,26,LAR
Minnesota Vikings,7,Detroit Lions,Home,Loss,29,31,DET
Baltimore Ravens,13,Philadelphia Eagles,Home,Loss,19,24,PHI
Baltimore Ravens,2,Las Vegas Raiders,Home,Loss,23,26,LV
New York Jets,13,Seattle Seahawks,Home,Loss,21,26,SEA
New York Jets,16,Los Angeles Rams,Home,Loss,9,19,LAR
New York Jets,4,Denver Broncos,Home,Loss,9,10,DEN
New York Jets,6,Buffalo Bills,Home,Loss,20,23,BUF
New York Jets,11,Indianapolis Colts,Home,Loss,27,28,IND
Los Angeles Chargers,15,Tampa Bay Buccaneers,Home,Loss,17,40,TB
Los Angeles Chargers,4,Kansas City Chiefs,Home,Loss,10,17,KC
Los Angeles Chargers,12,Baltimore Ravens,Home,Loss,23,30,BAL
San Francisco 49ers,15,Los Angeles Rams,Home,Loss,6,12,LAR
San Francisco 49ers,17,Detroit Lions,Home,Loss,34,40,DET
San Francisco 49ers,5,Arizona Cardinals,Home,Loss,23,24,ARI
San Francisco 49ers,7,Kansas City Chiefs,Home,Loss,18,28,KC
San Francisco 49ers,11,Seattle Seahawks,Home,Loss,17,20,SEA
Arizona Cardinals,14,Seattle Seahawks,Home,Loss,18,30,SEA
Arizona Cardinals,3,Detroit Lions,Home,Loss,13,20,DET
Arizona Cardinals,4,Washington Commanders,Home,Loss,14,42,WAS
Denver Broncos,2,Pittsburgh Steelers,Home,Loss,6,13,PIT
Denver Broncos,6,Los Angeles Chargers,Home,Loss,16,23,LAC
Los Angeles Rams,18,Seattle Seahawks,Home,Loss,25,30,SEA
Los Angeles Rams,5,Green Bay Packers,Home,Loss,19,24,GB
Los Angeles Rams,10,Miami Dolphins,Home,Loss,15,23,MIA
Los Angeles Rams,12,Philadelphia Eagles,Home,Loss,20,37,PHI
Houston Texans,17,Baltimore Ravens,Home,Loss,2,31,BAL
Houston Texans,10,Detroit Lions,Home,Loss,23,26,DET
Houston Texans,12,Tennessee Titans,Home,Loss,27,32,TEN
Washington Commanders,10,Pittsburgh Steelers,Home,Loss,27,28,PIT
Washington Commanders,12,Dallas Cowboys,Home,Loss,26,34,DAL
Chicago Bears,16,Detroit Lions,Home,Loss,17,34,DET
Chicago Bears,17,Seattle Seahawks,Home,Loss,3,6,SEA
Chicago Bears,10,New England Patriots,Home,Loss,3,19,NE
Chicago Bears,11,Green Bay Packers,Home,Loss,19,20,GB
Chicago Bears,12,Minnesota Vikings,Home,Loss,27,30,MIN
Atlanta Falcons,13,Los Angeles Chargers,Home,Loss,13,17,LAC
Atlanta Falcons,18,Carolina Panthers,Home,Loss,38,44,CAR
Atlanta Falcons,1,Pittsburgh Steelers,Home,Loss,10,18,PIT
Atlanta Falcons,3,Kansas City Chiefs,Home,Loss,17,22,KC
Atlanta Falcons,7,Seattle Seahawks,Home,Loss,14,34,SEA
Green Bay Packers,18,Chicago Bears,Home,Loss,22,24,CHI
Green Bay Packers,4,Minnesota Vikings,Home,Loss,29,31,MIN
Green Bay Packers,9,Detroit Lions,Home,Loss,14,24,DET
Philadelphia Eagles,2,Atlanta Falcons,Home,Loss,21,22,ATL
Miami Dolphins,2,Buffalo Bills,Home,Loss,10,31,BUF
Miami Dolphins,8,Arizona Cardinals,Home,Loss,27,28,ARI
Pittsburgh Steelers,17,Kansas City Chiefs,Home,Loss,10,29,KC
Pittsburgh Steelers,18,Cincinnati Bengals,Home,Loss,17,19,CIN
Pittsburgh Steelers,5,Dallas Cowboys,Home,Loss,17,20,DAL
Carolina Panthers,13,Tampa Bay Buccaneers,Home,Loss,23,26,TB
Carolina Panthers,15,Dallas Cowboys,Home,Loss,14,30,DAL
Carolina Panthers,2,Los Angeles Chargers,Home,Loss,3,26,LAC
Carolina Panthers,4,Cincinnati Bengals,Home,Loss,24,34,CIN
Carolina Panthers,6,Atlanta Falcons,Home,Loss,20,38,ATL
Carolina Panthers,12,Kansas City Chiefs,Home,Loss,27,30,KC
New England Patriots,13,Indianapolis Colts,Home,Loss,24,25,IND
New England Patriots,17,Los Angeles Chargers,Home,Loss,7,40,LAC
New England Patriots,2,Seattle Seahawks,Home,Loss,20,23,SEA
New England Patriots,5,Miami Dolphins,Home,Loss,10,15,MIA
New England Patriots,6,Houston Texans,Home,Loss,21,41,HOU
New England Patriots,11,Los Angeles Rams,Home,Loss,22,28,LAR
New Orleans Saints,13,Los Angeles Rams,Home,Loss,14,21,LAR
New Orleans Saints,15,Washington Commanders,Home,Loss,19,20,WAS
New Orleans Saints,17,Las Vegas Raiders,Home,Loss,10,25,LV
New Orleans Saints,3,Philadelphia Eagles,Home,Loss,12,15,PHI
New Orleans Saints,6,Tampa Bay Buccaneers,Home,Loss,27,51,TB
New Orleans Saints,7,Denver Broncos,Home,Loss,10,33,DEN
Cleveland Browns,15,Kansas City Chiefs,Home,Loss,7,21,KC
Cleveland Browns,17,Miami Dolphins,Home,Loss,3,20,MIA
Cleveland Browns,1,Dallas Cowboys,Home,Loss,17,33,DAL
Cleveland Browns,3,New York Giants,Home,Loss,15,21,NYG
Cleveland Browns,7,Cincinnati Bengals,Home,Loss,14,21,CIN
Cleveland Browns,9,Los Angeles Chargers,Home,Loss,10,27,LAC
Tennessee Titans,14,Jacksonville Jaguars,Home,Loss,6,10,JAX
Tennessee Titans,15,Cincinnati Bengals,Home,Loss,27,37,CIN
Tennessee Titans,18,Houston Texans,Home,Loss,14,23,HOU
Tennessee Titans,2,New York Jets,Home,Loss,17,24,NYJ
Tennessee Titans,3,Green Bay Packers,Home,Loss,14,30,GB
Tennessee Titans,6,Indianapolis Colts,Home,Loss,17,20,IND
Tennessee Titans,11,Minnesota Vikings,Home,Loss,13,23,MIN
New York Giants,1,Minnesota Vikings,Home,Loss,6,28,MIN
New York Giants,4,Dallas Cowboys,Home,Loss,15,20,DAL
New York Giants,6,Cincinnati Bengals,Home,Loss,7,17,CIN
New York Giants,7,Philadelphia Eagles,Home,Loss,3,28,PHI
New York Giants,9,Washington Commanders,Home,Loss,22,27,WAS
Jacksonville Jaguars,13,Houston Texans,Home,Loss,20,23,HOU
Jacksonville Jaguars,2,Cleveland Browns,Home,Loss,13,18,CLE
Jacksonville Jaguars,8,Green Bay Packers,Home,Loss,27,30,GB
Jacksonville Jaguars,10,Minnesota Vikings,Home,Loss,7,12,MIN
Las Vegas Raiders,3,Carolina Panthers,Home,Loss,22,36,CAR
Las Vegas Raiders,6,Pittsburgh Steelers,Home,Loss,13,32,PIT
Las Vegas Raiders,8,Kansas City Chiefs,Home,Loss,20,27,KC
Las Vegas Raiders,12,Denver Broncos,Home,Loss,19,29,DEN
Dallas Cowboys,2,New Orleans Saints,Home,Loss,19,44,NO
Dallas Cowboys,3,Baltimore Ravens,Home,Loss,25,28,BAL
Dallas Cowboys,6,Detroit Lions,Home,Loss,9,47,DET
Dallas Cowboys,10,Philadelphia Eagles,Home,Loss,6,34,PHI
Dallas Cowboys,14,Cincinnati Bengals,Home,Loss,20,27,CIN
Dallas Cowboys,18,Washington Commanders,Home,Loss,19,23,WAS
Dallas Cowboys,11,Houston Texans,Home,Loss,10,34,HOU
Indianapolis Colts,1,Houston Texans,Home,Loss,27,29,HOU
Indianapolis Colts,10,Buffalo Bills,Home,Loss,20,30,BUF
Indianapolis Colts,12,Detroit Lions,Home,Loss,6,24,DET
Jacksonville Jaguars,15,New York Jets,Home,Loss,25,32,NYJ
Las Vegas Raiders,15,Atlanta Falcons,Home,Loss,9,15,ATL
Las Vegas Raiders,18,Los Angeles Chargers,Home,Loss,20,34,LAC
New York Giants,14,New Orleans Saints,Home,Loss,11,14,NO
New York Giants,15,Baltimore Ravens,Home,Loss,14,35,BAL
New York Giants,12,Tampa Bay Buccaneers,Home,Loss,7,30,TB
Miami Dolphins,4,Tennessee Titans,Home,Loss,12,31,TEN
New York Giants,4,Tennessee Titans,Home,Loss,12,31,TEN
Cincinnati Bengals,17,Denver Broncos,Home,Win,30,24,DEN
Cincinnati Bengals,9,Las Vegas Raiders,Home,Win,41,24,LV
Cincinnati Bengals,16,Cleveland Browns,Home,Win,24,6,CLE
Detroit Lions,13,Chicago Bears,Home,Win,23,20,CHI
Detroit Lions,14,Green Bay Packers,Home,Win,34,31,GB
Detroit Lions,18,Minnesota Vikings,Home,Win,31,9,MIN
Detroit Lions,1,Los Angeles Rams,Home,Win,26,20,LAR
Detroit Lions,4,Seattle Seahawks,Home,Win,42,29,SEA
Detroit Lions,8,Tennessee Titans,Home,Win,52,14,TEN
Detroit Lions,11,Jacksonville Jaguars,Home,Win,52,6,JAX
Tampa Bay Buccaneers,14,Las Vegas Raiders,Home,Win,28,13,LV
Tampa Bay Buccaneers,17,Carolina Panthers,Home,Win,48,14,CAR
Tampa Bay Buccaneers,18,New Orleans Saints,Home,Win,27,19,NO
Tampa Bay Buccaneers,1,Washington Commanders,Home,Win,37,20,WAS
Tampa Bay Buccaneers,4,Philadelphia Eagles,Home,Win,33,16,PHI
Seattle Seahawks,1,Denver Broncos,Home,Win,26,20,DEN
Seattle Seahawks,3,Miami Dolphins,Home,Win,24,3,MIA
Seattle Seahawks,12,Arizona Cardinals,Home,Win,16,6,ARI
Minnesota Vikings,13,Arizona Cardinals,Home,Win,23,22,ARI
Minnesota Vikings,14,Atlanta Falcons,Home,Win,42,21,ATL
Minnesota Vikings,15,Chicago Bears,Home,Win,30,12,CHI
Minnesota Vikings,17,Green Bay Packers,Home,Win,27,25,GB
Minnesota Vikings,2,San Francisco 49ers,Home,Win,23,17,SF
Minnesota Vikings,3,Houston Texans,Home,Win,34,7,HOU
Minnesota Vikings,5,New York Jets,Home,Win,23,17,NYJ
Minnesota Vikings,9,Indianapolis Colts,Home,Win,21,13,IND
Baltimore Ravens,16,Pittsburgh Steelers,Home,Win,34,17,PIT
Baltimore Ravens,18,Cleveland Browns,Home,Win,35,10,CLE
Baltimore Ravens,4,Buffalo Bills,Home,Win,35,10,BUF
Baltimore Ravens,6,Washington Commanders,Home,Win,30,23,WAS
Baltimore Ravens,9,Denver Broncos,Home,Win,41,10,DEN
Baltimore Ravens,10,Cincinnati Bengals,Home,Win,35,34,CIN
Kansas City Chiefs,13,Las Vegas Raiders,Home,Win,19,17,LV
Kansas City Chiefs,14,Los Angeles Chargers,Home,Win,19,17,LAC
Kansas City Chiefs,16,Houston Texans,Home,Win,27,19,HOU
Kansas City Chiefs,1,Baltimore Ravens,Home,Win,27,20,BAL
Kansas City Chiefs,2,Cincinnati Bengals,Home,Win,26,25,CIN
Kansas City Chiefs,5,New Orleans Saints,Home,Win,26,13,NO
Kansas City Chiefs,9,Tampa Bay Buccaneers,Home,Win,30,24,TB
Kansas City Chiefs,10,Denver Broncos,Home,Win,16,14,DEN
New York Jets,18,Miami Dolphins,Home,Win,32,20,MIA
New York Jets,3,New England Patriots,Home,Win,24,3,NE
New York Jets,9,Houston Texans,Home,Win,21,13,HOU
Los Angeles Chargers,16,Denver Broncos,Home,Win,34,27,DEN
Los Angeles Chargers,1,Las Vegas Raiders,Home,Win,22,10,LV
Los Angeles Chargers,8,New Orleans Saints,Home,Win,26,8,NO
Los Angeles Chargers,10,Tennessee Titans,Home,Win,27,17,TEN
Los Angeles Chargers,11,Cincinnati Bengals,Home,Win,34,27,CIN
San Francisco 49ers,14,Chicago Bears,Home,Win,38,13,CHI
San Francisco 49ers,1,New York Jets,Home,Win,32,19,NYJ
San Francisco 49ers,4,New England Patriots,Home,Win,30,13,NE
San Francisco 49ers,8,Dallas Cowboys,Home,Win,30,24,DAL
Arizona Cardinals,15,New England Patriots,Home,Win,30,17,NE
Arizona Cardinals,18,San Francisco 49ers,Home,Win,47,24,SF
Arizona Cardinals,2,Los Angeles Rams,Home,Win,41,10,LAR
Arizona Cardinals,7,Los Angeles Chargers,Home,Win,17,15,LAC
Arizona Cardinals,9,Chicago Bears,Home,Win,29,9,CHI
Arizona Cardinals,10,New York Jets,Home,Win,31,6,NYJ
Denver Broncos,13,Cleveland Browns,Home,Win,41,32,CLE
Denver Broncos,15,Indianapolis Colts,Home,Win,31,13,IND
Denver Broncos,18,Kansas City Chiefs,Home,Win,38,0,KC
Denver Broncos,5,Las Vegas Raiders,Home,Win,34,18,LV
Denver Broncos,8,Carolina Panthers,Home,Win,28,14,CAR
Denver Broncos,11,Atlanta Falcons,Home,Win,38,6,ATL
Los Angeles Rams,14,Buffalo Bills,Home,Win,44,42,BUF
Los Angeles Rams,17,Arizona Cardinals,Home,Win,13,9,ARI
Los Angeles Rams,3,San Francisco 49ers,Home,Win,27,24,SF
Los Angeles Rams,7,Las Vegas Raiders,Home,Win,20,15,LV
Los Angeles Rams,8,Minnesota Vikings,Home,Win,30,20,MIN
Buffalo Bills,13,San Francisco 49ers,Home,Win,35,10,SF
Buffalo Bills,16,New England Patriots,Home,Win,24,21,NE
Buffalo Bills,17,New York Jets,Home,Win,40,14,NYJ
Buffalo Bills,1,Arizona Cardinals,Home,Win,34,28,ARI
Buffalo Bills,3,Jacksonville Jaguars,Home,Win,47,10,JAX
Buffalo Bills,7,Tennessee Titans,Home,Win,34,10,TEN
Buffalo Bills,9,Miami Dolphins,Home,Win,30,27,MIA
Buffalo Bills,11,Kansas City Chiefs,Home,Win,30,21,KC
Houston Texans,15,Miami Dolphins,Home,Win,20,12,MIA
Houston Texans,2,Chicago Bears,Home,Win,19,13,CHI
Houston Texans,4,Jacksonville Jaguars,Home,Win,24,20,JAX
Houston Texans,5,Buffalo Bills,Home,Win,23,20,BUF
Houston Texans,8,Indianapolis Colts,Home,Win,23,20,IND
Washington Commanders,13,Tennessee Titans,Home,Win,42,19,TEN
Washington Commanders,16,Philadelphia Eagles,Home,Win,36,33,PHI
Washington Commanders,17,Atlanta Falcons,Home,Win,30,24,ATL
Washington Commanders,2,New York Giants,Home,Win,21,18,NYG
Washington Commanders,5,Cleveland Browns,Home,Win,34,13,CLE
Washington Commanders,7,Carolina Panthers,Home,Win,40,7,CAR
Washington Commanders,8,Chicago Bears,Home,Win,18,15,CHI
Chicago Bears,1,Tennessee Titans,Home,Win,24,17,TEN
Chicago Bears,4,Los Angeles Rams,Home,Win,24,18,LAR
Chicago Bears,5,Carolina Panthers,Home,Win,36,10,CAR
Chicago Bears,6,Jacksonville Jaguars,Home,Win,35,16,JAX
Atlanta Falcons,16,New York Giants,Home,Win,34,7,NYG
Atlanta Falcons,4,New Orleans Saints,Home,Win,26,24,NO
Atlanta Falcons,5,Tampa Bay Buccaneers,Home,Win,36,30,TB
Atlanta Falcons,9,Dallas Cowboys,Home,Win,27,21,DAL
Green Bay Packers,13,Miami Dolphins,Home,Win,30,17,MIA
Green Bay Packers,16,New Orleans Saints,Home,Win,34,0,NO
Green Bay Packers,2,Indianapolis Colts,Home,Win,16,10,IND
Green Bay Packers,6,Arizona Cardinals,Home,Win,34,13,ARI
Green Bay Packers,7,Houston Texans,Home,Win,24,22,HOU
Green Bay Packers,12,San Francisco 49ers,Home,Win,38,10,SF
Philadelphia Eagles,14,Carolina Panthers,Home,Win,22,16,CAR
Philadelphia Eagles,15,Pittsburgh Steelers,Home,Win,27,13,PIT
Philadelphia Eagles,17,Dallas Cowboys,Home,Win,41,7,DAL
Philadelphia Eagles,18,New York Giants,Home,Win,20,13,NYG
Philadelphia Eagles,1,Green Bay Packers,Home,Win,34,29,GB
Philadelphia Eagles,6,Cleveland Browns,Home,Win,20,16,CLE
Philadelphia Eagles,9,Jacksonville Jaguars,Home,Win,28,23,JAX
Philadelphia Eagles,11,Washington Commanders,Home,Win,26,18,WAS
Miami Dolphins,14,New York Jets,Home,Win,32,26,NYJ
Miami Dolphins,16,San Francisco 49ers,Home,Win,29,17,SF
Miami Dolphins,1,Jacksonville Jaguars,Home,Win,20,17,JAX
Miami Dolphins,11,Las Vegas Raiders,Home,Win,34,19,LV
Miami Dolphins,12,New England Patriots,Home,Win,34,15,NE
Pittsburgh Steelers,14,Cleveland Browns,Home,Win,27,14,CLE
Pittsburgh Steelers,3,Los Angeles Chargers,Home,Win,20,10,LAC
Pittsburgh Steelers,7,New York Jets,Home,Win,37,15,NYJ
Pittsburgh Steelers,8,New York Giants,Home,Win,26,18,NYG
Pittsburgh Steelers,11,Baltimore Ravens,Home,Win,18,16,BAL
Carolina Panthers,16,Arizona Cardinals,Home,Win,36,30,ARI
Carolina Panthers,9,New Orleans Saints,Home,Win,23,22,NO
Carolina Panthers,10,New York Giants,Home,Win,20,17,NYG
New England Patriots,18,Buffalo Bills,Home,Win,23,16,BUF
New England Patriots,8,New York Jets,Home,Win,25,22,NYJ
New Orleans Saints,1,Carolina Panthers,Home,Win,47,10,CAR
New Orleans Saints,10,Atlanta Falcons,Home,Win,20,17,ATL
New Orleans Saints,11,Cleveland Browns,Home,Win,35,14,CLE
Cleveland Browns,8,Baltimore Ravens,Home,Win,29,24,BAL
Cleveland Browns,12,Pittsburgh Steelers,Home,Win,24,19,PIT
Tennessee Titans,9,New England Patriots,Home,Win,20,17,NE
Jacksonville Jaguars,5,Indianapolis Colts,Home,Win,37,34,IND
Jacksonville Jaguars,7,New England Patriots,Home,Win,32,16,NE
Las Vegas Raiders,4,Cleveland Browns,Home,Win,20,16,CLE
Dallas Cowboys,13,New York Giants,Home,Win,27,20,NYG
Dallas Cowboys,16,Tampa Bay Buccaneers,Home,Win,26,24,TB
Indianapolis Colts,16,Tennessee Titans,Home,Win,38,30,TEN
Indianapolis Colts,18,Jacksonville Jaguars,Home,Win,26,23,JAX
Indianapolis Colts,3,Chicago Bears,Home,Win,21,16,CHI
Indianapolis Colts,4,Pittsburgh Steelers,Home,Win,27,24,PIT
Indianapolis Colts,7,Miami Dolphins,Home,Win,16,10,MIA
Jacksonville Jaguars,17,Tennessee Titans,Home,Win,20,13,TEN
Las Vegas Raiders,16,Jacksonville Jaguars,Home,Win,19,14,JAX
New York Giants,17,Indianapolis Colts,Home,Win,45,33,IND
