player_name,team,games,attempts,yards,long_gain,touchdowns,first_downs,rushes_20_yards_plus,rushes_40_yards_plus,fumbles,team_id,player_id_team
AJ Cole,Las Vegas Raiders,17,,,,,,,,,LV,a-j-cole-LV
Courtland Sutton,Denver Broncos,17,,,,,,,,,DEN,courtland-sutton-DEN
Mike White,Buffalo Bills,1,,,,,,,,,BUF,mike-white-BUF
Cedrick Wilson Jr.,New Orleans Saints,15,,,,,,,,,NO,ced-wilson-NO
Kyle Allen,Pittsburgh Steelers,1,,,,,,,,,PIT,kyle-allen-PIT
Bryan Anger,Dallas Cowboys,17,,,,,,,,,DAL,bryan-anger-DAL
Riley Dixon,Denver Broncos,17,,,,,,,,,DEN,riley-dixon-DEN
Keenan Allen,Chicago Bears,15,,,,,,,,,CHI,keenan-allen-CHI
Johnny Hekker,Carolina Panthers,17,,,,,,,,,CAR,johnny-hekker-CAR
Allen Lazard,New York Jets,12,,,,,,,,,NYJ,allen-lazard-NYJ
Darnell Mooney,Atlanta Falcons,16,,,,,,,,,ATL,darnell-mooney-ATL
Bradley Pinion,Atlanta Falcons,17,,,,,,,,,ATL,bradley-pinion-ATL
Diontae Johnson,Houston Texans,1,,,,,,,,,HOU,diontae-johnson-HOU
Laviska Shenault Jr.,Los Angeles Chargers,1,,,,,,,,,LAC,laviska-shenault-jr-LAC
Steven Sims,Baltimore Ravens,2,,,,,,,,,BAL,steven-sims-BAL
Jerry Jeudy,Cleveland Browns,17,,,,,,,,,CLE,jerry-jeudy-CLE
Davante Adams,New York Jets,11,,,,,,,,,NYJ,davante-adams-NYJ
George Kittle,San Francisco 49ers,15,,,,,,,,,SF,george-kittle-SF
Mike Evans,Tampa Bay Buccaneers,14,,,,,,,,,TB,mike-evans-TB
Tee Higgins,Cincinnati Bengals,12,,,,,,,,,CIN,tee-higgins-CIN
Michael Pittman,Indianapolis Colts,16,,,,,,,,,IND,michael-pittman-2-IND
Nico Collins,Houston Texans,12,,,,,,,,,HOU,nico-collins-HOU
A.J. Brown,Philadelphia Eagles,13,,,,,,,,,PHI,a-j-brown-PHI
Zach Ertz,Washington Commanders,17,,,,,,,,,WAS,zach-ertz-WAS
DK Metcalf,Seattle Seahawks,15,,,,,,,,,SEA,d-k-metcalf-SEA
David Njoku,Cleveland Browns,11,,,,,,,,,CLE,david-njoku-CLE
Sam LaPorta,Detroit Lions,16,,,,,,,,,DET,sam-laporta-DET
DeAndre Hopkins,Kansas City Chiefs,10,,,,,,,,,KC,deandre-hopkins-KC
Will Dissly,Los Angeles Chargers,15,,,,,,,,,LAC,will-dissly-LAC
Tyler Lockett,Seattle Seahawks,17,,,,,,,,,SEA,tyler-lockett-SEA
Noah Fant,Seattle Seahawks,14,,,,,,,,,SEA,noah-fant-x4946-SEA
Adam Thielen,Carolina Panthers,10,,,,,,,,,CAR,adam-thielen-CAR
Evan Engram,Jacksonville Jaguars,9,,,,,,,,,JAX,evan-engram-JAX
Cole Kmet,Chicago Bears,17,,,,,,,,,CHI,cole-kmet-CHI
Kyle Pitts,Atlanta Falcons,17,,,,,,,,,ATL,kyle-pitts-ATL
Romeo Doubs,Green Bay Packers,13,,,,,,,,,GB,romeo-doubs-GB
Rashod Bateman,Baltimore Ravens,17,,,,,,,,,BAL,rashod-bateman-BAL
Amari Cooper,Buffalo Bills,8,,,,,,,,,BUF,amari-cooper-BUF
Dallas Goedert,Philadelphia Eagles,10,,,,,,,,,PHI,dallas-goedert-PHI
T.J. Hockenson,Minnesota Vikings,10,,,,,,,,,MIN,t-j-hockenson-MIN
Jordan Akins,Cleveland Browns,17,,,,,,,,,CLE,jordan-akins-CLE
Josh Palmer,Los Angeles Chargers,15,,,,,,,,,LAC,josh-palmer-LAC
Dontayvion Wicks,Green Bay Packers,17,,,,,,,,,GB,dontayvion-wicks-GB
Calvin Austin III,Pittsburgh Steelers,17,,,,,,,,,PIT,calvin-austin-iii-PIT
Noah Brown,Washington Commanders,11,,,,,,,,,WAS,noah-brown-WAS
Tim Patrick,Detroit Lions,16,,,,,,,,,DET,tim-patrick-DET
Foster Moreau,New Orleans Saints,17,,,,,,,,,NO,foster-moreau-NO
Mack Hollins,Buffalo Bills,17,,,,,,,,,BUF,mack-hollins-BUF
Demarcus Robinson,Los Angeles Rams,17,,,,,,,,,LAR,demarcus-robinson-LAR
Christian Kirk,Jacksonville Jaguars,8,,,,,,,,,JAX,christian-kirk-JAX
Brandon Aiyuk,San Francisco 49ers,7,,,,,,,,,SF,brandon-aiyuk-SF
Van Jefferson,Pittsburgh Steelers,17,,,,,,,,,PIT,van-jefferson-PIT
John Metchie III,Houston Texans,13,,,,,,,,,HOU,john-metchie-HOU
Tommy Tremble,Carolina Panthers,12,,,,,,,,,CAR,tommy-tremble-CAR
Dawson Knox,Buffalo Bills,16,,,,,,,,,BUF,dawson-knox-BUF
Mike Williams,Pittsburgh Steelers,9,,,,,,,,,PIT,mike-williams-PIT
Gabe Davis,Jacksonville Jaguars,10,,,,,,,,,JAX,gabe-davis-JAX
Robert Woods,Houston Texans,15,,,,,,,,,HOU,robert-woods-HOU
JuJu Smith-Schuster,Kansas City Chiefs,14,,,,,,,,,KC,juju-smith-schuster-KC
Nelson Agholor,Baltimore Ravens,14,,,,,,,,,BAL,nelson-agholor-BAL
Daniel Bellinger,New York Giants,17,,,,,,,,,NYG,daniel-bellinger-NYG
Kylen Granson,Indianapolis Colts,17,,,,,,,,,IND,kylen-granson-IND
Jake Bobo,Seattle Seahawks,17,,,,,,,,,SEA,jake-bobo-SEA
Josh Reynolds,Jacksonville Jaguars,4,,,,,,,,,JAX,josh-reynolds-JAX
Xavier Hutchinson,Houston Texans,16,,,,,,,,,HOU,xavier-hutchinson-HOU
Trey Palmer,Tampa Bay Buccaneers,15,,,,,,,,,TB,trey-palmer-TB
Dante Pettis,New Orleans Saints,8,,,,,,,,,NO,dante-pettis-NO
Odell Beckham Jr.,Miami Dolphins,9,,,,,,,,,MIA,odell-beckham-MIA
Marquise Brown,Kansas City Chiefs,2,,,,,,,,,KC,marquise-brown-KC
Harrison Bryant,Las Vegas Raiders,8,,,,,,,,,LV,harrison-bryant-LV
DeAndre Carter,Chicago Bears,13,,,,,,,,,CHI,deandre-carter-CHI
Jamison Crowder,Washington Commanders,6,,,,,,,,,WAS,jamison-crowder-WAS
Rakim Jarrett,Tampa Bay Buccaneers,9,,,,,,,,,TB,rakim-jarrett-TB
Durham Smythe,Miami Dolphins,17,,,,,,,,,MIA,durham-smythe-MIA
Gerald Everett,Chicago Bears,17,,,,,,,,,CHI,gerald-everett-CHI
Tyler Higbee,Los Angeles Rams,3,,,,,,,,,LAR,tyler-higbee-LAR
Hayden Hurst,Los Angeles Chargers,8,,,,,,,,,LAC,hayden-hurst-LAC
Zay Jones,Arizona Cardinals,11,,,,,,,,,ARI,zay-jones-ARI
KhaDarel Hodge,Atlanta Falcons,17,,,,,,,,,ATL,khadarel-hodge-ATL
K.J. Osborn,Washington Commanders,1,,,,,,,,,WAS,k-j-osborn-WAS
Brandon Powell,Minnesota Vikings,17,,,,,,,,,MIN,brandon-powell-MIN
Mike Woods,Cleveland Browns,5,,,,,,,,,CLE,mike-woods-3-CLE
Parris Campbell,Philadelphia Eagles,5,,,,,,,,,PHI,parris-campbell-PHI
Chris Conley,San Francisco 49ers,15,,,,,,,,,SF,chris-conley-SF
Connor Heyward,Pittsburgh Steelers,17,,,,,,,,,PIT,connor-heyward-PIT
Peyton Hendershot,Kansas City Chiefs,7,,,,,,,,,KC,peyton-hendershot-KC
Scott Miller,Pittsburgh Steelers,13,,,,,,,,,PIT,scott-miller-PIT
Ben Skowronek,Pittsburgh Steelers,10,,,,,,,,,PIT,ben-skowronek-PIT
DJ Chark,Los Angeles Chargers,7,,,,,,,,,LAC,d-j-chark-LAC
Tyquan Thornton,New England Patriots,6,,,,,,,,,NE,tyquan-thornton-NE
Alex Bachman,Las Vegas Raiders,5,,,,,,,,,LV,alex-bachman-LV
Dee Eskridge,Miami Dolphins,6,,,,,,,,,MIA,d-wayne-eskridge-MIA
Trenton Irwin,Cincinnati Bengals,7,,,,,,,,,CIN,trenton-irwin-CIN
Patrick Ricard,Baltimore Ravens,17,,,,,,,,,BAL,patrick-ricard-BAL
Allen Robinson,Detroit Lions,12,,,,,,,,,DET,allen-robinson-DET
Robbie Chosen,Miami Dolphins,2,,,,,,,,,MIA,robbie-chosen-MIA
Jaelon Darden,Seattle Seahawks,5,,,,,,,,,SEA,jaelon-darden-SEA
Feleipe Franks,Carolina Panthers,16,,,,,,,,,CAR,feleipe-franks-CAR
Charlie Jones,Cincinnati Bengals,8,,,,,,,,,CIN,charlie-jones-3-CIN
Anthony Miller,Baltimore Ravens,2,,,,,,,,,BAL,anthony-miller-BAL
John Ross,Philadelphia Eagles,1,,,,,,,,,PHI,john-ross-PHI
Tyler Scott,Chicago Bears,11,,,,,,,,,CHI,tyler-scott-2-CHI
Trent Taylor,San Francisco 49ers,2,,,,,,,,,SF,trent-taylor-SF
Andrew Beck,Houston Texans,1,,,,,,,,,HOU,andrew-beck-HOU
Braxton Berrios,Miami Dolphins,6,,,,,,,,,MIA,braxton-berrios-MIA
Erik Ezukanma,Miami Dolphins,1,,,,,,,,,MIA,erik-ezukanma-MIA
Skyy Moore,Kansas City Chiefs,6,,,,,,,,,KC,skyy-moore-KC
Adam Prentice,New Orleans Saints,16,,,,,,,,,NO,adam-prentice-NO
Keisean Nixon,Green Bay Packers,17,,,,,,,,,GB,keisean-nixon-GB
Amani Hooker,Tennessee Titans,14,,,,,,,,,TEN,amani-hooker-TEN
Jeremy Chinn,Washington Commanders,17,,,,,,,,,WAS,jeremy-chinn-WAS
Adoree' Jackson,New York Giants,14,,,,,,,,,NYG,adoree-jackson-NYG
Jourdan Lewis,Dallas Cowboys,16,,,,,,,,,DAL,jourdan-lewis-DAL
Kene Nwangwu,New York Jets,2,,,,,,,,,NYJ,kene-nwangwu-NYJ
Nick Bellore,Washington Commanders,14,,,,,,,,,WAS,nick-lalonde-bellore-WAS
Khari Blasingame,Philadelphia Eagles,1,,,,,,,,,PHI,khari-blasingame-PHI
Corey Bojorquez,Cleveland Browns,17,,,,,,,,,CLE,corey-bojorquez-CLE
Michael Dickson,Seattle Seahawks,17,,,,,,,,,SEA,michael-dickson-SEA
Blake Gillikin,Arizona Cardinals,13,,,,,,,,,ARI,blake-gillikin-ARI
Keaontay Ingram,Kansas City Chiefs,1,,,,,,,,,KC,keaontay-ingram-KC
Brandon McManus,Green Bay Packers,11,,,,,,,,,GB,brandon-mcmanus-GB
Nick Niemann,Los Angeles Chargers,10,,,,,,,,,LAC,nick-niemann-LAC
Zach Pascal,Arizona Cardinals,13,,,,,,,,,ARI,zach-pascal-ARI
Jordan Poyer,Miami Dolphins,16,,,,,,,,,MIA,jordan-poyer-MIA
Nick Scott,Carolina Panthers,8,,,,,,,,,CAR,nick-scott-CAR
Tremon Smith,Denver Broncos,15,,,,,,,,,DEN,tremon-smith-DEN
M.J. Stewart,Houston Texans,15,,,,,,,,,HOU,m-j-stewart-HOU
Ezekiel Turner,Detroit Lions,8,,,,,,,,,DET,zeke-turner-DET
Avery Williams,Atlanta Falcons,17,,,,,,,,,ATL,avery-williams-2-ATL
Trayveon Williams,Cincinnati Bengals,17,,,,,,,,,CIN,trayveon-williams-CIN
Andrew Wingard,Jacksonville Jaguars,8,,,,,,,,,JAX,andrew-wingard-JAX
Wil Lutz,Denver Broncos,17,,,,,,,,,DEN,wil-lutz-DEN
Jamie Gillan,New York Giants,13,,,,,,,,,NYG,jamie-gillan-NYG
Braden Mann,Philadelphia Eagles,17,,,,,,,,,PHI,braden-mann-PHI
Ihmir Smith-Marsette,New York Giants,15,,,,,,,,,NYG,ihmir-smith-marsette-NYG
Alex Erickson,New England Patriots,3,,,,,,,,,NE,alex-erickson-NE
Deonte Harty,Baltimore Ravens,5,,,,,,,,,BAL,deonte-harris-BAL
Gary Brightwell,Cleveland Browns,2,,,,,,,,,CLE,gary-brightwell-CLE
Montrell Washington,Kansas City Chiefs,1,,,,,,,,,KC,montrell-washington-KC
Cameron Johnston,Pittsburgh Steelers,1,,,,,,,,,PIT,cameron-johnston-PIT
Ryan Stonehouse,Tennessee Titans,17,,,,,,,,,TEN,ryan-stonehouse-TEN
Tommy Townsend,Houston Texans,17,,,,,,,,,HOU,tommy-townsend-HOU
Matt Haack,New York Giants,4,,,,,,,,,NYG,matt-haack-NYG
Tress Way,Washington Commanders,17,,,,,,,,,WAS,tress-way-WAS
Sam Martin,Buffalo Bills,17,,,,,,,,,BUF,sam-martin-BUF
Pat O'Donnell,San Francisco 49ers,8,,,,,,,,,SF,pat-o-donnell-SF
Michael Palardy,Arizona Cardinals,4,,,,,,,,,ARI,michael-palardy-ARI
Baker Mayfield,Tampa Bay Buccaneers,17,60,378,28,3,24,2,0,7,TB,baker-mayfield-TB
Geno Smith,Seattle Seahawks,17,53,272,34,2,17,3,0,4,SEA,geno-smith-SEA
Sam Darnold,Minnesota Vikings,17,67,212,19,1,23,0,0,3,MIN,sam-darnold-MIN
Patrick Mahomes,Kansas City Chiefs,16,58,307,33,2,22,2,0,1,KC,patrick-mahomes-KC
Brock Purdy,San Francisco 49ers,15,66,323,16,5,33,0,0,2,SF,brock-purdy-SF
Bo Nix,Denver Broncos,17,92,430,32,4,41,6,0,1,DEN,bo-nix-DEN
Josh Allen,Buffalo Bills,16,102,531,30,12,51,5,0,0,BUF,josh-allen-BUF
Jordan Love,Green Bay Packers,15,25,83,14,1,9,0,0,3,GB,jordan-love-GB
Jalen Hurts,Philadelphia Eagles,15,150,630,35,14,62,7,0,4,PHI,jalen-hurts-PHI
Russell Wilson,Pittsburgh Steelers,11,43,155,19,2,16,0,0,2,PIT,russell-wilson-PIT
Bryce Young,Carolina Panthers,14,43,249,34,6,15,3,0,1,CAR,bryce-young-CAR
Derek Carr,New Orleans Saints,10,17,71,13,1,4,0,0,1,NO,derek-carr-NO
Jameis Winston,Cleveland Browns,12,25,83,13,1,17,0,0,0,CLE,jameis-winston-CLE
Daniel Jones,New York Giants,10,67,265,24,2,26,1,0,0,NYG,daniel-jones-x5302-NYG
Trevor Lawrence,Jacksonville Jaguars,10,26,119,33,3,13,1,0,0,JAX,trevor-lawrence-JAX
Dak Prescott,Dallas Cowboys,8,13,54,22,1,5,1,0,0,DAL,dak-prescott-DAL
Anthony Richardson,Indianapolis Colts,11,86,499,29,6,33,5,0,6,IND,anthony-richardson-IND
Mac Jones,Jacksonville Jaguars,10,28,92,13,1,12,0,0,1,JAX,mac-jones-JAX
Aidan O'Connell,Las Vegas Raiders,9,21,30,13,1,10,0,0,2,LV,aidan-o-connell-LV
Mason Rudolph,Tennessee Titans,8,25,106,14,1,13,0,0,3,TEN,mason-rudolph-TEN
Deshaun Watson,Cleveland Browns,7,31,148,16,1,8,0,0,2,CLE,deshaun-watson-CLE
Justin Fields,Pittsburgh Steelers,10,62,289,30,5,19,1,0,4,PIT,justin-fields-PIT
Drew Lock,New York Giants,8,18,133,28,2,9,3,0,1,NYG,drew-lock-NYG
Tyler Huntley,Miami Dolphins,5,26,135,20,2,10,1,0,2,MIA,tyler-huntley-MIA
Michael Penix Jr.,Atlanta Falcons,5,7,11,5,1,1,0,0,0,ATL,michael-penix-jr-ATL
Malik Willis,Green Bay Packers,7,20,138,29,1,6,3,0,0,GB,malik-willis-GB
Marcus Mariota,Washington Commanders,3,18,92,33,1,6,1,0,0,WAS,marcus-mariota-WAS
Joshua Dobbs,San Francisco 49ers,2,9,24,8,2,2,0,0,1,SF,joshua-dobbs-SF
Kenny Pickett,Philadelphia Eagles,5,9,15,8,1,3,0,0,0,PHI,kenny-pickett-PHI
Joe Milton III,New England Patriots,1,10,16,9,1,4,0,0,1,NE,joe-milton-iii-NE
Stefon Diggs,Houston Texans,8,3,8,6,1,1,0,0,0,HOU,stefon-diggs-HOU
David Montgomery,Detroit Lions,14,185,775,21,12,50,1,0,2,DET,david-montgomery-DET
Deebo Samuel Sr.,San Francisco 49ers,15,42,136,13,1,5,0,0,0,SF,deebo-samuel-SF
Bijan Robinson,Atlanta Falcons,17,304,1456,37,14,82,5,0,1,ATL,bijan-robinson-ATL
Josh Jacobs,Green Bay Packers,17,301,1329,38,15,73,7,0,4,GB,josh-jacobs-x3315-GB
Kyren Williams,Los Angeles Rams,16,316,1299,30,14,85,2,0,5,LAR,kyren-williams-LAR
Chuba Hubbard,Carolina Panthers,15,250,1195,38,10,62,8,0,1,CAR,chuba-hubbard-CAR
Rico Dowdle,Dallas Cowboys,16,235,1079,27,2,53,2,0,3,DAL,rico-dowdle-DAL
Najee Harris,Pittsburgh Steelers,17,263,1043,36,6,50,9,0,0,PIT,najee-harris-x2665-PIT
Alvin Kamara,New Orleans Saints,14,228,950,24,6,52,3,0,0,NO,alvin-kamara-NO
Rhamondre Stevenson,New England Patriots,15,207,801,33,7,40,2,0,6,NE,rhamondre-stevenson-NE
Jordan Mason,San Francisco 49ers,12,153,789,38,3,37,9,0,3,SF,jordan-mason-SF
Kareem Hunt,Kansas City Chiefs,13,200,728,20,7,42,1,0,0,KC,kareem-hunt-KC
Tyler Allgeier,Atlanta Falcons,17,137,644,25,3,43,4,0,0,ATL,tyler-allgeier-ATL
Kenneth Walker III,Seattle Seahawks,11,153,573,28,7,28,5,0,1,SEA,kenneth-walker-iii-SEA
Travis Etienne,Jacksonville Jaguars,15,150,558,22,2,31,2,0,1,JAX,travis-etienne-JAX
Javonte Williams,Denver Broncos,17,139,513,20,4,30,1,0,2,DEN,javonte-williams-DEN
Jaylen Warren,Pittsburgh Steelers,15,120,511,22,1,28,1,0,1,PIT,jaylen-warren-PIT
Emanuel Wilson,Green Bay Packers,17,103,502,21,4,27,1,0,0,GB,emanuel-wilson-GB
Jaleel McLaughlin,Denver Broncos,16,113,496,21,1,25,1,0,0,DEN,jaleel-mclaughlin-DEN
Ray Davis,Buffalo Bills,17,113,442,23,3,25,2,0,0,BUF,ray-davis-2-BUF
Alexander Mattison,Las Vegas Raiders,14,132,420,24,4,25,1,0,1,LV,alexander-mattison-LV
Braelon Allen,New York Jets,17,92,334,20,2,22,1,0,0,NYJ,braelon-allen-NYJ
Nick Chubb,Cleveland Browns,8,102,332,19,3,17,0,0,1,CLE,nick-chubb-CLE
Tyjae Spears,Tennessee Titans,12,84,312,23,4,19,1,0,0,TEN,tyjae-spears-TEN
Audric Estim√©,Denver Broncos,13,76,310,21,2,15,1,0,2,DEN,audric-estime-DEN
Isiah Pacheco,Kansas City Chiefs,7,83,310,34,1,14,1,0,0,KC,isiah-pacheco-KC
Sean Tucker,Tampa Bay Buccaneers,17,50,308,36,2,17,2,0,1,TB,sean-tucker-TB
Trey Benson,Arizona Cardinals,13,63,291,20,1,16,1,0,1,ARI,trey-benson-ARI
Kenneth Gainwell,Philadelphia Eagles,17,75,290,20,1,12,1,0,0,PHI,kenneth-gainwell-PHI
Raheem Mostert,Miami Dolphins,13,85,278,21,2,13,1,0,2,MIA,raheem-mostert-MIA
Jeremy McNichols,Washington Commanders,16,55,261,28,4,15,2,0,0,WAS,jeremy-mcnichols-WAS
Zack Moss,Cincinnati Bengals,8,74,242,16,2,13,0,0,2,CIN,zack-moss-CIN
Ezekiel Elliott,Dallas Cowboys,15,74,226,11,3,14,0,0,1,DAL,ezekiel-elliott-DAL
Ty Johnson,Buffalo Bills,17,41,213,19,1,13,0,0,0,BUF,ty-johnson-x3152-BUF
Miles Sanders,Carolina Panthers,11,55,205,26,2,12,1,0,0,CAR,miles-sanders-CAR
Chris Brooks,Green Bay Packers,15,36,183,23,1,12,1,0,0,GB,christopher-brooks-GB
Patrick Taylor,San Francisco 49ers,13,39,183,29,1,11,1,0,0,SF,patrick-taylor-SF
Zamir White,Las Vegas Raiders,8,65,183,17,1,4,0,0,2,LV,zamir-white-LV
Isaiah Davis,New York Jets,17,30,174,20,1,10,1,0,0,NYJ,isaiah-davis-NYJ
Chris Rodriguez Jr.,Washington Commanders,9,35,173,25,2,10,1,0,0,WAS,chris-rodriguez-jr-WAS
Jamaal Williams,New Orleans Saints,14,48,164,14,1,11,0,0,0,NO,jamaal-williams-NO
Jayden Reed,Green Bay Packers,17,20,163,33,1,7,3,0,1,GB,jayden-reed-GB
Trey Sermon,Indianapolis Colts,17,56,159,17,2,14,0,0,0,IND,trey-sermon-IND
Tyler Goodson,Indianapolis Colts,16,32,153,33,1,6,1,0,0,IND,tyler-goodson-IND
Roschon Johnson,Chicago Bears,14,55,150,9,6,17,0,0,0,CHI,roschon-johnson-CHI
Kendre Miller,New Orleans Saints,6,39,148,17,1,11,0,0,0,NO,kendre-miller-NO
Michael Carter,Arizona Cardinals,3,35,131,13,1,9,0,0,0,ARI,michael-carter-3-ARI
Xavier Worthy,Kansas City Chiefs,16,20,104,21,3,4,2,0,0,KC,xavier-worthy-KC
Samaje Perine,Kansas City Chiefs,17,20,92,13,1,7,0,0,0,KC,samaje-perine-KC
Hassan Haskins,Los Angeles Chargers,17,34,89,12,2,13,0,0,1,LAC,hassan-haskins-LAC
Mecole Hardman,Kansas City Chiefs,12,5,62,20,1,2,1,0,0,KC,mecole-hardman-KC
Jameson Williams,Detroit Lions,15,11,61,15,1,5,0,0,0,DET,jameson-williams-DET
Calvin Ridley,Tennessee Titans,17,8,55,19,1,3,0,0,1,TEN,calvin-ridley-TEN
Puka Nacua,Los Angeles Rams,11,11,46,9,1,2,0,0,0,LAR,puka-nacua-LAR
Tre Tucker,Las Vegas Raiders,17,9,44,11,1,3,0,0,0,LV,tre-tucker-LV
DJ Turner,Las Vegas Raiders,12,5,33,18,1,1,0,0,0,LV,dj-turner-LV
Kyle Juszczyk,San Francisco 49ers,17,5,26,14,1,1,0,0,1,SF,kyle-juszczyk-SF
Malik Washington,Miami Dolphins,14,5,25,18,1,1,0,0,0,MIA,malik-washington-MIA
Jordan Addison,Minnesota Vikings,15,3,20,9,1,1,0,0,0,MIN,jordan-addison-MIN
Alec Ingold,Miami Dolphins,15,10,17,6,1,6,0,0,2,MIA,alec-ingold-x8122-MIA
C.J. Ham,Minnesota Vikings,17,2,10,8,1,1,0,0,0,MIN,c-j-ham-MIN
Michael Burton,Denver Broncos,17,7,8,3,1,3,0,0,0,DEN,michael-burton-DEN
Trey McBride,Arizona Cardinals,16,1,2,2,1,1,0,0,0,ARI,trey-mcbride-ARI
Joe Burrow,Cincinnati Bengals,17,42,201,47,2,16,1,1,2,CIN,joe-burrow-CIN
Lamar Jackson,Baltimore Ravens,17,139,915,48,4,47,8,1,6,BAL,lamar-jackson-BAL
Justin Herbert,Los Angeles Chargers,17,69,306,41,2,23,4,1,2,LAC,justin-herbert-LAC
Kyler Murray,Arizona Cardinals,17,78,572,50,5,27,6,2,4,ARI,kyler-murray-ARI
Jayden Daniels,Washington Commanders,17,148,891,46,6,55,7,1,3,WAS,jayden-daniels-WAS
Drake Maye,New England Patriots,13,54,421,41,2,22,3,1,4,NE,drake-maye-NE
Taysom Hill,New Orleans Saints,8,39,278,75,6,18,2,1,0,NO,taysom-hill-NO
Saquon Barkley,Philadelphia Eagles,16,345,2005,72,13,82,17,7,2,PHI,saquon-barkley-PHI
Joe Mixon,Houston Texans,14,245,1016,59,11,52,8,2,0,HOU,joe-mixon-HOU
Derrick Henry,Baltimore Ravens,17,325,1921,87,16,93,19,5,3,BAL,derrick-henry-BAL
Jonathan Taylor,Indianapolis Colts,14,303,1431,70,11,71,11,4,2,IND,jonathan-taylor-IND
Jahmyr Gibbs,Detroit Lions,17,250,1412,70,16,70,13,3,0,DET,jahmyr-gibbs-DET
Aaron Jones,Minnesota Vikings,17,255,1138,41,5,49,3,1,3,MIN,aaron-jones-MIN
Bucky Irving,Tampa Bay Buccaneers,17,207,1122,56,8,52,8,3,2,TB,bucky-irving-TB
James Conner,Arizona Cardinals,16,236,1094,53,8,66,6,2,2,ARI,james-conner-ARI
Tony Pollard,Tennessee Titans,16,260,1079,41,5,53,6,1,2,TEN,tony-pollard-TEN
James Cook,Buffalo Bills,16,207,1009,65,16,48,6,4,1,BUF,james-cook-2-BUF
Chase Brown,Cincinnati Bengals,16,229,990,40,7,49,8,1,2,CIN,chase-brown-CIN
D'Andre Swift,Chicago Bears,17,253,959,56,6,43,5,1,1,CHI,d-andre-swift-CHI
De'Von Achane,Miami Dolphins,17,203,907,61,6,37,5,3,0,MIA,devon-achane-MIA
J.K. Dobbins,Los Angeles Chargers,13,195,905,61,9,47,6,3,0,LAC,j-k-dobbins-LAC
Breece Hall,New York Jets,16,209,876,42,5,40,3,1,5,NYJ,breece-hall-NYJ
Tyrone Tracy Jr.,New York Giants,17,192,839,45,5,39,6,2,2,NYG,tyrone-tracy-jr-NYG
Brian Robinson,Washington Commanders,14,187,799,40,8,47,4,2,2,WAS,brian-robinson-WAS
Tank Bigsby,Jacksonville Jaguars,16,168,766,65,7,39,4,2,3,JAX,tank-bigsby-JAX
Rachaad White,Tampa Bay Buccaneers,15,144,613,56,3,35,2,1,2,TB,rachaad-white-TB
Zach Charbonnet,Seattle Seahawks,17,135,569,51,8,32,3,1,0,SEA,zach-charbonnet-SEA
Jerome Ford,Cleveland Browns,14,104,565,66,3,25,5,2,0,CLE,jerome-ford-CLE
Antonio Gibson,New England Patriots,17,120,538,45,1,24,4,1,2,NE,antonio-gibson-2-NE
Cam Akers,Minnesota Vikings,12,64,297,58,1,16,2,1,0,MIN,cam-akers-MIN
Devin Singletary,New York Giants,15,113,437,43,4,24,2,1,2,NYG,devin-singletary-NYG
Isaac Guerendo,San Francisco 49ers,16,84,420,76,4,18,2,1,0,SF,isaac-guerendo-SF
Austin Ekeler,Washington Commanders,12,77,367,50,4,19,4,1,1,WAS,austin-ekeler-WAS
Gus Edwards,Los Angeles Chargers,11,101,365,43,4,17,1,1,0,LAC,gus-edwards-LAC
Ameer Abdullah,Las Vegas Raiders,16,66,311,40,2,14,1,1,1,LV,ameer-abdullah-LV
Dameon Pierce,Houston Texans,11,40,293,92,2,7,2,2,1,HOU,dameon-pierce-HOU
Justice Hill,Baltimore Ravens,15,47,228,51,1,14,2,1,0,BAL,justice-hill-BAL
Emari Demercado,Arizona Cardinals,13,24,223,53,1,8,2,2,0,ARI,emari-demercado-ARI
Tony Jones,Arizona Cardinals,1,4,55,46,1,1,1,1,0,ARI,tony-jones-5-ARI
C.J. Stroud,Houston Texans,17,52,233,25,0,14,2,0,3,HOU,c-j-stroud-HOU
Caleb Williams,Chicago Bears,17,81,489,24,0,27,2,0,3,CHI,caleb-williams-CHI
Will Levis,Tennessee Titans,12,45,183,21,0,20,1,0,5,TEN,will-levis-TEN
Joe Flacco,Indianapolis Colts,8,9,26,21,0,2,1,0,1,IND,joe-flacco-IND
Spencer Rattler,New Orleans Saints,7,18,146,28,0,7,2,0,1,NO,spencer-rattler-NO
Dorian Thompson-Robinson,Cleveland Browns,7,21,122,34,0,9,1,0,1,CLE,dorian-thompson-robinson-CLE
Ty Chandler,Minnesota Vikings,16,56,182,25,0,9,1,0,0,MIN,ty-chandler-MIN
Jakobi Meyers,Las Vegas Raiders,15,2,23,20,0,1,1,0,0,LV,jakobi-meyers-LV
Ricky Pearsall,San Francisco 49ers,11,3,45,39,0,1,1,0,0,SF,ricky-pearsall-SF
Jaylen Wright,Miami Dolphins,15,68,249,20,0,11,1,0,1,MIA,jaylen-wright-MIA
D'Onta Foreman,Cleveland Browns,11,71,232,25,0,10,1,0,2,CLE,d-onta-foreman-CLE
Sincere McCormick,Las Vegas Raiders,5,39,183,29,0,10,1,0,0,LV,sincere-mccormick-LV
Kenny McIntosh,Seattle Seahawks,17,31,172,25,0,8,1,0,0,SEA,kenny-mcintosh-SEA
D'Ernest Johnson,Jacksonville Jaguars,14,32,143,22,0,7,1,0,0,JAX,d-ernest-johnson-JAX
Dare Ogunbowale,Houston Texans,17,30,112,35,0,5,1,0,0,HOU,dare-ogunbowale-HOU
Tyler Badie,Denver Broncos,3,11,86,43,0,4,1,1,0,DEN,tyler-badie-DEN
Raheem Blackshear,Carolina Panthers,16,15,80,26,0,2,1,0,0,CAR,raheem-blackshear-CAR
Ray-Ray McCloud,Atlanta Falcons,17,10,79,20,0,3,1,0,0,ATL,ray-ray-mccloud-ATL
Sterling Shepard,Tampa Bay Buccaneers,14,8,69,24,0,4,1,0,0,TB,sterling-shepard-TB
DeeJay Dallas,Arizona Cardinals,17,9,49,22,0,4,1,0,0,ARI,deejay-dallas-ARI
Xavier Smith,Los Angeles Rams,15,4,36,24,0,1,1,0,0,LAR,xavier-smith-LAR
Ashtyn Davis,New York Jets,15,1,21,21,0,1,1,0,0,NYJ,ashtyn-davis-NYJ
Matthew Stafford,Los Angeles Rams,16,30,41,15,0,10,0,0,2,LAR,matthew-stafford-LAR
Kirk Cousins,Atlanta Falcons,14,23,0,13,0,2,0,0,5,ATL,kirk-cousins-ATL
Tua Tagovailoa,Miami Dolphins,11,17,49,13,0,5,0,0,3,MIA,tua-tagovailoa-MIA
Gardner Minshew,Las Vegas Raiders,10,19,58,11,0,5,0,0,2,LV,gardner-minshew-LV
Cooper Rush,Dallas Cowboys,12,26,18,9,0,5,0,0,7,DAL,cooper-rush-DAL
Andy Dalton,Carolina Panthers,6,11,34,18,0,2,0,0,1,CAR,andy-dalton-CAR
Jacoby Brissett,New England Patriots,8,15,62,16,0,5,0,0,1,NE,jacoby-brissett-NE
Desmond Ridder,Las Vegas Raiders,6,9,36,11,0,2,0,0,1,LV,desmond-ridder-LV
Mitchell Trubisky,Buffalo Bills,9,17,1,8,0,1,0,0,1,BUF,mitchell-trubisky-BUF
Tyrod Taylor,New York Jets,2,3,13,7,0,0,0,0,1,NYJ,tyrod-taylor-NYJ
Adonai Mitchell,Indianapolis Colts,17,4,6,10,0,1,0,0,1,IND,adonai-mitchell-IND
Clayton Tune,Arizona Cardinals,6,7,-4,2,0,2,0,0,1,ARI,clayton-tune-ARI
J.K. Scott,Los Angeles Chargers,17,1,0,0,0,0,0,0,1,LAC,j-k-scott-LAC
Carson Steele,Kansas City Chiefs,17,56,183,9,0,14,0,0,3,KC,carson-steele-KC
Kimani Vidal,Los Angeles Chargers,9,43,155,19,0,7,0,0,1,LAC,kimani-vidal-LAC
Craig Reynolds,Detroit Lions,17,31,139,19,0,6,0,0,1,DET,craig-reynolds-DET
Cordarrelle Patterson,Pittsburgh Steelers,13,32,135,14,0,7,0,0,1,PIT,cordarrelle-patterson-PIT
KaVontae Turpin,Dallas Cowboys,17,16,92,16,0,6,0,0,1,DAL,kavontae-turpin-DAL
Greg Dortch,Arizona Cardinals,17,5,31,8,0,1,0,0,1,ARI,greg-dortch-ARI
Eric Gray,New York Giants,17,14,31,6,0,1,0,0,1,NYG,eric-gray-NYG
Malachi Corley,New York Jets,8,2,26,18,0,1,0,0,1,NYJ,malachi-corley-NYJ
Terry McLaurin,Washington Commanders,17,2,2,2,0,0,0,0,1,WAS,terry-mclaurin-WAS
Dylan Laube,Las Vegas Raiders,10,1,0,0,0,0,0,0,1,LV,dylan-laube-LV
Jared Goff,Detroit Lions,17,35,56,10,0,9,0,0,0,DET,jared-goff-DET
Aaron Rodgers,New York Jets,17,22,107,18,0,7,0,0,0,NYJ,aaron-rodgers-NYJ
Tanner McKee,Philadelphia Eagles,2,5,-1,2,0,1,0,0,0,PHI,tanner-mckee-PHI
Trey Lance,Dallas Cowboys,4,11,41,11,0,3,0,0,0,DAL,trey-lance-DAL
Tommy DeVito,New York Giants,3,8,32,17,0,1,0,0,0,NYG,tommy-devito-NYG
Davis Mills,Houston Texans,5,3,11,9,0,1,0,0,0,HOU,davis-mills-HOU
Hendon Hooker,Detroit Lions,3,5,2,3,0,1,0,0,0,DET,hendon-hooker-DET
Jaxon Smith-Njigba,Seattle Seahawks,17,5,26,8,0,1,0,0,0,SEA,jaxon-smith-njigba-SEA
Taylor Heinicke,Los Angeles Chargers,4,2,20,12,0,1,0,0,0,LAC,taylor-heinicke-LAC
Amon-Ra St. Brown,Detroit Lions,17,2,6,10,0,1,0,0,0,DET,amon-ra-st-brown-DET
Kendrick Bourne,New England Patriots,12,1,6,6,0,1,0,0,0,NE,kendrick-bourne-NE
Tyler Boyd,Tennessee Titans,16,1,3,3,0,1,0,0,0,TEN,tyler-boyd-TEN
Dyami Brown,Washington Commanders,16,3,26,14,0,1,0,0,0,WAS,dyami-brown-WAS
DJ Moore,Chicago Bears,17,14,75,14,0,3,0,0,0,CHI,d-j-moore-CHI
Malik Nabers,New York Giants,15,5,2,4,0,1,0,0,0,NYG,malik-nabers-NYG
Blake Corum,Los Angeles Rams,17,58,207,12,0,12,0,0,0,LAR,blake-corum-LAR
Christian McCaffrey,San Francisco 49ers,4,50,202,19,0,12,0,0,0,SF,christian-mccaffrey-SF
Khalil Herbert,Cincinnati Bengals,8,28,114,14,0,7,0,0,0,CIN,khalil-herbert-CIN
Pierre Strong,Cleveland Browns,14,26,108,19,0,6,0,0,0,CLE,pierre-strong-CLE
Julius Chestnut,Tennessee Titans,17,22,102,12,0,2,0,0,0,TEN,julius-chestnut-TEN
Ronnie Rivers,Los Angeles Rams,17,22,99,12,0,6,0,0,0,LAR,ronnie-rivers-LAR
Will Shipley,Philadelphia Eagles,16,30,82,9,0,2,0,0,0,PHI,will-shipley-PHI
CeeDee Lamb,Dallas Cowboys,15,14,70,18,0,4,0,0,0,DAL,ceedee-lamb-DAL
Jordan Mims,New Orleans Saints,11,20,70,9,0,2,0,0,0,NO,jordan-mims-NO
Deuce Vaughn,Dallas Cowboys,7,17,70,12,0,2,0,0,0,DAL,deuce-vaughn-DAL
JaMycal Hasty,New England Patriots,15,20,69,15,0,4,0,0,0,NE,jamycal-hasty-NE
Jeff Wilson,Miami Dolphins,9,16,57,14,0,3,0,0,0,MIA,jeff-wilson-MIA
Zay Flowers,Baltimore Ravens,17,9,56,19,0,1,0,0,0,BAL,zay-flowers-BAL
Bo Melton,Green Bay Packers,17,8,54,16,0,4,0,0,0,GB,bo-melton-GB
Tyreek Hill,Miami Dolphins,17,8,53,16,0,2,0,0,0,MIA,tyreek-hill-MIA
Mike Boone,Carolina Panthers,6,13,51,9,0,3,0,0,0,CAR,mike-boone-CAR
Brian Thomas Jr.,Jacksonville Jaguars,17,6,48,18,0,3,0,0,0,JAX,brian-thomas-jr-JAX
Clyde Edwards-Helaire,New Orleans Saints,2,13,46,12,0,2,0,0,0,NO,clyde-edwards-helaire-NO
Ashton Dulin,Indianapolis Colts,15,5,45,12,0,2,0,0,0,IND,ashton-dulin-IND
J.J. Taylor,Houston Texans,4,10,44,9,0,1,0,0,0,HOU,j-j-taylor-HOU
Tank Dell,Houston Texans,14,9,43,18,0,3,0,0,0,HOU,tank-dell-HOU
Jalen McMillan,Tampa Bay Buccaneers,13,4,43,17,0,3,0,0,0,TB,jalen-mcmillan-TB
Marvin Mims Jr.,Denver Broncos,17,13,42,17,0,3,0,0,0,DEN,marvin-mims-jr-DEN
Derius Davis,Los Angeles Chargers,15,12,39,10,0,2,0,0,0,LAC,derius-davis-LAC
Hunter Luepke,Dallas Cowboys,16,12,38,10,0,6,0,0,0,DAL,hunter-luepke-DAL
Ja'Marr Chase,Cincinnati Bengals,17,3,32,14,0,2,0,0,0,CIN,ja-marr-chase-CIN
Jase McClellan,Atlanta Falcons,2,13,32,8,0,2,0,0,0,ATL,jase-mcclellan-ATL
Rasheen Ali,Baltimore Ravens,6,10,31,9,0,2,0,0,0,BAL,rasheen-ali-BAL
Keaton Mitchell,Baltimore Ravens,5,15,30,7,0,2,0,0,0,BAL,keaton-mitchell-BAL
Rashid Shaheed,New Orleans Saints,6,6,29,13,0,2,0,0,0,NO,rashid-shaheed-NO
Jacob Kibodi,Cleveland Browns,1,5,24,17,0,1,0,0,0,CLE,jacob-kibodi-CLE
Xavier Legette,Carolina Panthers,16,6,24,8,0,2,0,0,0,CAR,xavier-legette-CAR
Travis Homer,Chicago Bears,10,6,23,6,0,2,0,0,0,CHI,travis-homer-CHI
Christian Watson,Green Bay Packers,15,4,23,14,0,1,0,0,0,GB,christian-watson-GB
Jermar Jefferson,Detroit Lions,2,6,22,8,0,1,0,0,0,DET,jermar-jefferson-DET
Jonathan Ward,Pittsburgh Steelers,4,5,22,7,0,1,0,0,0,PIT,jonathan-ward-PIT
Wan'Dale Robinson,New York Giants,17,3,18,14,0,1,0,0,0,NYG,wan-dale-robinson-NYG
Chig Okonkwo,Tennessee Titans,16,1,17,17,0,1,0,0,0,TEN,chigoziem-okonkwo-TEN
Aaron Shampklin,Pittsburgh Steelers,3,6,17,5,0,1,0,0,0,PIT,aaron-shampklin-PIT
Darius Slayton,New York Giants,16,2,17,11,0,1,0,0,0,NYG,darius-slayton-NYG
Rome Odunze,Chicago Bears,17,3,15,8,0,1,0,0,0,CHI,rome-odunze-CHI
Brock Bowers,Las Vegas Raiders,17,5,13,12,0,2,0,0,0,LV,brock-bowers-LV
Jahan Dotson,Philadelphia Eagles,17,1,13,13,0,1,0,0,0,PHI,jahan-dotson-PHI
Josh Downs,Indianapolis Colts,14,1,12,13,0,1,0,0,0,IND,josh-downs-IND
Jaylen Waddle,Miami Dolphins,15,4,12,6,0,1,0,0,0,MIA,jaylen-waddle-MIA
Jordan Whittington,Los Angeles Rams,15,2,12,7,0,2,0,0,0,LAR,jordan-whittington-LAR
Matthew Hayball,New Orleans Saints,17,1,11,11,0,1,0,0,0,NO,matthew-hayball-NO
Kameron Johnson,Tampa Bay Buccaneers,5,2,11,11,0,1,0,0,0,TB,kameron-johnson-TB
Tyreik McAllister,Las Vegas Raiders,2,2,11,10,0,1,0,0,0,LV,tyreik-mcallister-LV
Dane Belton,New York Giants,17,1,10,10,0,1,0,0,0,NYG,dane-belton-NYG
George Holani,Seattle Seahawks,4,3,10,8,0,1,0,0,0,SEA,george-holani-SEA
Cooper Kupp,Los Angeles Rams,12,2,10,9,0,1,0,0,0,LAR,cooper-kupp-LAR
Blake Watson,Denver Broncos,2,4,10,7,0,2,0,0,0,DEN,blake-watson-DEN
Olamide Zaccheaus,Washington Commanders,17,1,8,8,0,1,0,0,0,WAS,olamide-zaccheaus-x1231-WAS
Reggie Gilliam,Buffalo Bills,15,3,7,4,0,1,0,0,0,BUF,reggie-gilliam-BUF
Chris Olave,New Orleans Saints,8,1,7,7,0,1,0,0,0,NO,chris-olave-NO
Tucker Kraft,Green Bay Packers,17,3,6,2,0,3,0,0,0,GB,tucker-kraft-GB
Ainias Smith,Philadelphia Eagles,7,2,6,4,0,1,0,0,0,PHI,ainias-smith-PHI
Mark Andrews,Baltimore Ravens,17,4,5,2,0,3,0,0,0,BAL,mark-andrews-BAL
Xavier Gipson,New York Jets,17,1,5,5,0,1,0,0,0,NYJ,xavier-gipson-NYJ
Jarrett Stidham,Denver Broncos,4,4,5,8,0,1,0,0,0,DEN,jarrett-stidham-DEN
Garrett Wilson,New York Jets,17,2,5,5,0,1,0,0,0,NYJ,garrett-wilson-NYJ
Devin Duvernay,Jacksonville Jaguars,13,4,3,4,0,1,0,0,0,JAX,devin-duvernay-JAX
Chris Godwin,Tampa Bay Buccaneers,7,1,2,2,0,1,0,0,0,TB,chris-godwin-TB
Charlie Kolar,Baltimore Ravens,12,1,2,2,0,1,0,0,0,BAL,charlie-kolar-BAL
Julian Love,Seattle Seahawks,17,1,2,2,0,1,0,0,0,SEA,julian-love-SEA
Dell Pettus,New England Patriots,17,1,2,2,0,1,0,0,0,NE,dell-pettus-NE
Tanner Hudson,Cincinnati Bengals,11,1,1,1,0,1,0,0,0,CIN,tanner-hudson-CIN
Rashee Rice,Kansas City Chiefs,4,1,1,1,0,1,0,0,0,KC,rashee-rice-KC
Kalif Raymond,Detroit Lions,12,2,0,12,0,1,0,0,0,DET,kalif-raymond-DET
Jalen Nailor,Minnesota Vikings,17,3,-4,3,0,1,0,0,0,MIN,jalen-nailor-MIN
Jimmy Garoppolo,Los Angeles Rams,1,2,5,5,0,0,0,0,0,LAR,jimmy-garoppolo-LAR
Tim Boyle,New York Giants,1,1,-1,-1,0,0,0,0,0,NYG,tim-boyle-NYG
Jake Haener,New Orleans Saints,8,11,22,9,0,0,0,0,0,NO,jake-haener-NO
Brandon Allen,San Francisco 49ers,3,3,4,6,0,0,0,0,0,SF,brandon-allen-SF
Skylar Thompson,Miami Dolphins,2,1,4,4,0,0,0,0,0,MIA,skylar-thompson-MIA
Bailey Zappe,Cleveland Browns,1,2,2,3,0,0,0,0,0,CLE,bailey-zappe-CLE
Carson Wentz,Kansas City Chiefs,3,3,0,2,0,0,0,0,0,KC,carson-wentz-KC
Nick Mullens,Minnesota Vikings,5,3,-2,0,0,0,0,0,0,MIN,nick-mullens-MIN
Sam Howell,Seattle Seahawks,2,1,2,2,0,0,0,0,0,SEA,sam-howell-SEA
Justin Jefferson,Minnesota Vikings,17,1,3,3,0,0,0,0,0,MIN,justin-jefferson-MIN
Josh Johnson,Baltimore Ravens,5,4,1,2,0,0,0,0,0,BAL,josh-johnson-BAL
Tyson Bagent,Chicago Bears,4,6,-7,-1,0,0,0,0,0,CHI,tyson-bagent-CHI
Kyle Trask,Tampa Bay Buccaneers,4,5,-4,0,0,0,0,0,0,TB,kyle-trask-TB
Tutu Atwell,Los Angeles Rams,17,2,7,7,0,0,0,0,0,LAR,tutu-atwell-LAR
Chris Oladokun,Kansas City Chiefs,1,1,5,5,0,0,0,0,0,KC,chris-oladokun-KC
Terrell Jennings,New England Patriots,3,13,33,7,0,0,0,0,0,NE,terrell-jennings-NE
Jonathon Brooks,Carolina Panthers,3,9,22,9,0,0,0,0,0,CAR,jonathon-brooks-CAR
Dalvin Cook,Dallas Cowboys,2,8,20,4,0,0,0,0,0,DAL,dalvin-cook-DAL
Demario Douglas,New England Patriots,17,3,16,9,0,0,0,0,0,NE,demario-douglas-NE
MarShawn Lloyd,Green Bay Packers,1,6,15,5,0,0,0,0,0,GB,marshawn-lloyd-GB
Curtis Samuel,Buffalo Bills,14,5,14,7,0,0,0,0,0,BUF,curtis-samuel-BUF
Sione Vaki,Detroit Lions,15,6,14,7,0,0,0,0,0,DET,sione-vaki-DET
Chris Collier,Las Vegas Raiders,3,5,12,4,0,0,0,0,0,LV,chris-collier-LV
Velus Jones Jr.,Carolina Panthers,2,1,0,0,0,0,0,0,0,CAR,velus-jones-CAR
Kevin Austin Jr.,New Orleans Saints,8,1,9,9,0,0,0,0,0,NO,kevin-austin-jr-NO
Keon Coleman,Buffalo Bills,13,1,9,9,0,0,0,0,0,BUF,keon-coleman-BUF
Troy Franklin,Denver Broncos,16,2,8,5,0,0,0,0,0,DEN,troy-franklin-DEN
Jacob Cowing,San Francisco 49ers,15,1,7,7,0,0,0,0,0,SF,jacob-cowing-SF
Tyrion Davis-Price,Philadelphia Eagles,1,3,7,5,0,0,0,0,0,PHI,ty-davis-price-PHI
Deven Thompkins,Carolina Panthers,7,2,7,9,0,0,0,0,0,CAR,deven-thompkins-CAR
Michael Wilson,Arizona Cardinals,16,1,7,7,0,0,0,0,0,ARI,michael-wilson-ARI
Quentin Johnston,Los Angeles Chargers,15,3,6,4,0,0,0,0,0,LAC,quentin-johnston-LAC
Marcus Jones,New England Patriots,14,1,5,5,0,0,0,0,0,NE,marcus-jones-2-NE
Khalil Shakir,Buffalo Bills,15,2,4,2,0,0,0,0,0,BUF,khalil-shakir-BUF
Marquez Valdes-Scantling,New Orleans Saints,8,1,4,4,0,0,0,0,0,NO,marquez-valdes-scantling-NO
Ke'Shawn Vaughn,San Francisco 49ers,1,2,4,3,0,0,0,0,0,SF,ke-shawn-vaughn-SF
Darrynton Evans,Chicago Bears,1,3,3,4,0,0,0,0,0,CHI,darrynton-evans-CHI
Cody Schrader,Los Angeles Rams,1,1,3,3,0,0,0,0,0,LAR,cody-schrader-LAR
British Brooks,Houston Texans,3,1,2,2,0,0,0,0,0,HOU,british-brooks-HOU
Joshua Kelley,Tennessee Titans,3,1,2,2,0,0,0,0,0,TEN,joshua-kelley-TEN
Treylon Burks,Tennessee Titans,5,2,1,6,0,0,0,0,0,TEN,treylon-burks-TEN
Jaden Hicks,Kansas City Chiefs,17,1,1,1,0,0,0,0,0,KC,jaden-hicks-KC
Travis Kelce,Kansas City Chiefs,16,1,1,1,0,0,0,0,0,KC,travis-kelce-KC
Elijah Moore,Cleveland Browns,17,1,1,1,0,0,0,0,0,CLE,elijah-moore-CLE
Jalen Reeves-Maybin,Detroit Lions,10,1,1,1,0,0,0,0,0,DET,jalen-reeves-maybin-DET
DeVonta Smith,Philadelphia Eagles,13,1,1,1,0,0,0,0,0,PHI,devonta-smith-PHI
Jake Bailey,Miami Dolphins,17,1,0,0,0,0,0,0,0,MIA,jake-bailey-MIA
Tyler Conklin,New York Jets,16,1,0,0,0,0,0,0,0,NYJ,tyler-conklin-NYJ
David Moore,Carolina Panthers,17,1,0,0,0,0,0,0,0,CAR,david-moore-CAR
Ja'Lynn Polk,New England Patriots,15,1,0,0,0,0,0,0,0,NE,ja-lynn-polk-NE
Myles Gaskin,Minnesota Vikings,5,3,-1,2,0,0,0,0,0,MIN,myles-gaskin-MIN
Jermaine Jackson,New Orleans Saints,4,1,-1,-1,0,0,0,0,0,NO,jermaine-jackson-NO
Jonnu Smith,Miami Dolphins,17,2,-1,0,0,0,0,0,0,MIA,jonnu-smith-MIA
Jake Browning,Cincinnati Bengals,3,2,-2,-1,0,0,0,0,0,CIN,jake-browning-CIN
Tavierre Thomas,Tampa Bay Buccaneers,13,1,-2,-2,0,0,0,0,0,TB,tavierre-thomas-TB
Brandin Cooks,Dallas Cowboys,10,3,-3,5,0,0,0,0,0,DAL,brandin-cooks-DAL
Drake London,Atlanta Falcons,17,1,-3,-3,0,0,0,0,0,ATL,drake-london-ATL
Jalen Reagor,Los Angeles Chargers,8,3,-3,1,0,0,0,0,0,LAC,jalen-reagor-LAC
Noah Gray,Kansas City Chiefs,17,1,-4,-4,0,0,0,0,0,KC,noah-gray-KC
Cade Otton,Tampa Bay Buccaneers,14,1,-4,-4,0,0,0,0,0,TB,cade-otton-TB
Drew Sample,Cincinnati Bengals,17,1,-4,-4,0,0,0,0,0,CIN,drew-sample-CIN
Kadarius Toney,Cleveland Browns,3,2,-4,3,0,0,0,0,0,CLE,kadarius-toney-CLE
Jha'Quan Jackson,Tennessee Titans,12,1,-5,-5,0,0,0,0,0,TEN,jha-quan-jackson-TEN
Cedric Tillman,Cleveland Browns,11,1,-5,-5,0,0,0,0,0,CLE,cedric-tillman-2-CLE
George Pickens,Pittsburgh Steelers,14,2,-6,4,0,0,0,0,0,PIT,george-pickens-PIT
